# Robot Manual Control Log
# Started: 2026-03-15 17:11:15
# Columns: timestamp, left_x_cm, left_y_cm, left_z_cm, left_heading_deg, joystick_forward, joystick_turn, motor_speed, servo2_angle, servo1_angle
#====================================================================================================
90.010, -7.41, 48.05, -4.68, 192.8, 0.000, 0.000, 0.0, 90.0, 90.0
90.212, -7.41, 48.05, -4.68, 193.1, 0.000, 0.000, 0.0, 90.0, 90.0
90.412, -7.41, 48.05, -4.68, 193.1, 0.000, 0.000, 0.0, 90.0, 90.0
90.612, -7.41, 48.05, -4.68, 193.1, 0.000, 0.000, 0.0, 90.0, 90.0
90.813, -7.41, 48.05, -4.68, 193.1, 0.000, 0.000, 0.0, 90.0, 90.0
91.013, -7.41, 48.05, -4.68, 193.0, 0.000, 0.000, 0.0, 90.0, 90.0
91.213, -7.41, 48.05, -4.68, 193.0, 0.000, 0.000, 0.0, 90.0, 90.0
91.413, -7.41, 48.05, -4.68, 193.0, 0.000, 0.000, 0.0, 90.0, 90.0
91.613, -7.41, 48.05, -4.68, 193.0, 0.000, 0.000, 0.0, 90.0, 90.0
91.814, -7.41, 48.05, -4.68, 193.0, 0.000, 0.000, 0.0, 90.0, 90.0
92.014, -7.41, 48.05, -4.68, 193.0, 0.000, 0.000, 0.0, 90.0, 90.0
92.213, -7.41, 48.05, -4.68, 193.0, 0.000, 0.000, 0.0, 90.0, 90.0
92.414, -7.41, 48.05, -4.68, 193.0, 0.000, 0.000, 0.0, 90.0, 90.0
92.613, -7.41, 48.05, -4.68, 193.0, 0.000, 0.000, 0.0, 90.0, 90.0
92.815, -7.41, 48.05, -4.68, 193.0, 0.000, 0.000, 0.0, 90.0, 90.0
93.014, -7.41, 48.05, -4.68, 193.0, 0.000, 0.000, 0.0, 90.0, 90.0
93.214, -7.41, 48.05, -4.68, 193.0, 0.000, 0.000, 0.0, 90.0, 90.0
93.414, -7.41, 48.05, -4.68, 193.0, 0.000, 0.000, 0.0, 90.0, 90.0
93.613, -7.41, 48.05, -4.68, 193.0, 0.000, 0.000, 0.0, 90.0, 90.0
93.814, -7.41, 48.05, -4.68, 193.0, 0.000, 0.000, 0.0, 90.0, 90.0
94.013, -7.41, 48.05, -4.68, 193.0, 0.000, 0.000, 0.0, 90.0, 90.0
94.213, -7.41, 48.05, -4.68, 193.0, 0.000, 0.000, 0.0, 90.0, 90.0
94.414, -7.41, 48.05, -4.68, 193.0, 0.000, 0.000, 0.0, 90.0, 90.0
94.614, -7.41, 48.05, -4.68, 193.0, 0.000, 0.000, 0.0, 90.0, 90.0
94.814, -7.37, 47.78, -4.72, 192.2, 0.000, 0.000, 0.0, 90.0, 90.0
95.013, -7.43, 47.77, -4.76, 192.9, 0.000, 0.000, 0.0, 90.0, 90.0
95.213, -7.43, 47.77, -4.76, 192.9, 0.000, 0.000, 0.0, 90.0, 90.0
95.414, -7.43, 47.77, -4.76, 192.9, 0.000, 0.000, 0.0, 90.0, 90.0
95.613, -7.43, 47.77, -4.76, 192.9, 0.000, 0.000, 0.0, 90.0, 90.0
95.813, -7.43, 47.77, -4.76, 192.9, 0.000, 0.000, 0.0, 90.0, 90.0
96.014, -7.43, 47.77, -4.76, 192.9, 0.000, 0.000, 0.0, 90.0, 90.0
96.214, -7.43, 47.77, -4.76, 192.9, 0.000, 0.000, 0.0, 90.0, 90.0
96.414, -7.43, 47.77, -4.76, 192.9, 0.000, 0.000, 0.0, 90.0, 90.0
96.615, -7.43, 47.77, -4.76, 192.9, 0.000, 0.000, 0.0, 90.0, 90.0
96.814, -7.43, 47.77, -4.76, 192.9, 0.000, 0.000, 0.0, 90.0, 90.0
97.014, -7.62, 46.87, -5.09, 193.6, 0.000, 0.000, 0.0, 90.0, 90.0
97.214, -7.62, 46.85, -5.13, 193.1, 0.000, 0.000, 0.0, 90.0, 90.0
97.415, -7.61, 46.85, -5.12, 192.6, 0.000, 0.000, 0.0, 90.0, 90.0
97.613, -7.76, 47.97, -3.64, 192.6, 0.000, 0.000, 0.0, 90.0, 90.0
97.814, -7.69, 47.74, -3.37, 191.4, 0.000, 0.000, 0.0, 90.0, 90.0
98.014, -7.70, 47.74, -3.35, 191.1, 0.000, 0.000, 0.0, 90.0, 90.0
98.214, -7.70, 47.74, -3.35, 191.1, 0.000, 0.000, 0.0, 90.0, 90.0
98.414, -7.93, 47.51, -2.80, 191.3, 0.000, 0.000, 0.0, 90.0, 90.0
98.614, -7.48, 50.14, -1.74, 190.8, 0.000, 0.000, 0.0, 90.0, 90.0
98.814, -7.44, 50.14, -1.76, 190.7, 0.000, 0.000, 0.0, 90.0, 90.0
99.014, -8.16, 49.26, 0.32, 192.4, 0.000, 0.000, 0.0, 90.0, 90.0
99.214, -8.44, 49.05, 1.96, 191.3, 0.000, 0.000, 0.0, 90.0, 90.0
99.414, -8.91, 48.70, 2.28, 190.5, 0.000, 0.000, 0.0, 90.0, 90.0
99.614, -9.49, 48.33, 3.07, 189.9, 0.000, 0.000, 0.0, 90.0, 90.0
99.814, -9.78, 48.14, 3.49, 189.9, 0.000, 0.000, 0.0, 90.0, 90.0
100.015, -10.04, 48.55, 4.62, 189.7, 0.000, 0.000, 0.0, 90.0, 90.0
100.215, -10.29, 48.34, 9.60, 188.7, 0.000, 0.000, 0.0, 90.0, 90.0
100.414, -11.05, 48.30, 12.64, 186.6, 0.000, 0.000, 0.0, 90.0, 90.0
100.614, -11.38, 48.47, 15.28, 187.5, 0.000, 0.000, 0.0, 90.0, 90.0
100.816, -11.11, 48.93, 14.57, 188.3, 0.000, 0.000, 0.0, 90.0, 90.0
101.014, -11.86, 48.36, 16.39, 189.2, 0.000, 0.000, 0.0, 90.0, 90.0
101.215, -13.07, 46.73, 17.56, 190.2, 0.000, 0.000, 0.0, 90.0, 90.0
101.415, -12.07, 48.86, 17.51, 201.6, 0.000, 0.000, 0.0, 90.0, 90.0
101.614, -11.68, 48.37, 16.40, 202.4, 0.000, 0.000, 0.0, 90.0, 90.0
101.814, -12.53, 48.20, 19.35, 198.2, 0.000, 0.000, 0.0, 90.0, 90.0
102.014, -12.78, 48.23, 20.26, 188.0, 0.000, 0.000, 0.0, 90.0, 90.0
102.214, -13.30, 47.96, 22.08, 188.8, 0.000, 0.000, 0.0, 90.0, 90.0
102.414, -13.32, 47.93, 22.17, 188.6, 0.000, 0.000, 0.0, 90.0, 90.0
102.614, -13.32, 47.93, 22.17, 188.7, 0.000, 0.000, 0.0, 90.0, 90.0
102.815, -13.32, 47.93, 22.17, 188.7, 0.000, 0.000, 0.0, 90.0, 90.0
103.014, -13.32, 47.93, 22.17, 188.7, 0.000, 0.000, 0.0, 90.0, 90.0
103.215, -13.32, 47.93, 22.17, 188.7, 0.000, 0.000, 0.0, 90.0, 90.0
103.413, -13.19, 48.35, 22.39, 188.2, 0.000, 0.000, 0.0, 90.0, 90.0
103.614, -13.42, 48.30, 23.49, 187.6, 0.000, 0.000, 0.0, 90.0, 90.0
103.815, -13.75, 48.09, 24.98, 187.3, 0.000, 0.000, 0.0, 90.0, 90.0
104.013, -14.24, 47.97, 26.73, 187.0, 0.000, 0.000, 0.0, 90.0, 90.0
104.214, -14.77, 47.73, 28.60, 186.3, 0.000, 0.000, 0.0, 90.0, 90.0
104.414, -15.34, 47.56, 30.44, 185.9, 0.000, 0.000, 0.0, 90.0, 90.0
104.614, -15.97, 47.21, 32.33, 185.9, 0.000, 0.000, 0.0, 90.0, 90.0
104.814, -16.55, 47.08, 34.32, 186.1, 0.000, 0.000, 0.0, 90.0, 90.0
105.014, -17.12, 47.20, 36.31, 185.7, 0.000, 0.000, 0.0, 90.0, 90.0
105.216, -17.61, 47.30, 38.37, 185.3, 0.000, 0.000, 0.0, 90.0, 90.0
105.414, -18.12, 47.41, 40.44, 185.3, 0.000, 0.000, 0.0, 90.0, 90.0
105.614, -18.23, 47.58, 41.46, 185.2, 0.000, 0.000, 0.0, 90.0, 90.0
105.815, -17.93, 48.18, 41.84, 185.1, 0.000, 0.000, 0.0, 90.0, 90.0
106.014, -17.98, 48.11, 41.81, 185.2, 0.000, 0.000, 0.0, 90.0, 90.0
106.214, -17.96, 48.12, 41.82, 185.2, 0.000, 0.000, 0.0, 90.0, 90.0
106.414, -17.96, 48.12, 41.82, 185.2, 0.000, 0.000, 0.0, 90.0, 90.0
106.615, -17.96, 48.12, 41.82, 185.2, 0.000, 0.000, 0.0, 90.0, 90.0
106.814, -17.96, 48.12, 41.82, 185.2, 0.000, 0.000, 0.0, 90.0, 90.0
107.014, -17.97, 48.08, 41.85, 185.2, 0.000, 0.000, 0.0, 90.0, 90.0
107.215, -18.32, 48.00, 42.13, 190.1, 0.000, 0.000, 0.0, 90.0, 90.0
107.414, -18.66, 48.02, 42.53, 203.2, 0.000, 0.000, 0.0, 90.0, 90.0
107.614, -18.93, 48.06, 42.92, 214.4, 0.000, 0.000, 0.0, 90.0, 90.0
107.814, -19.08, 48.07, 43.08, 220.2, 0.000, 0.000, 0.0, 90.0, 90.0
108.014, -19.05, 48.12, 43.09, 220.7, 0.000, 0.000, 0.0, 90.0, 90.0
108.215, -19.05, 48.12, 43.09, 220.8, 0.000, 0.000, 0.0, 90.0, 90.0
108.414, -19.05, 48.12, 43.09, 220.8, 0.000, 0.000, 0.0, 90.0, 90.0
108.614, -19.05, 48.12, 43.09, 220.8, 0.000, 0.000, 0.0, 90.0, 90.0
108.814, -19.05, 48.12, 43.09, 220.8, 0.000, 0.000, 0.0, 90.0, 90.0
109.014, -19.05, 48.12, 43.09, 220.8, 0.000, 0.000, 0.0, 90.0, 90.0
109.215, -19.05, 48.12, 43.09, 220.8, 0.000, 0.000, 0.0, 90.0, 90.0
109.413, -19.05, 48.12, 43.09, 220.8, 0.000, 0.000, 0.0, 90.0, 90.0
109.614, -18.96, 48.17, 42.97, 220.6, 0.000, 0.000, 0.0, 90.0, 90.0
109.813, -18.57, 48.13, 42.39, 211.8, 0.000, 0.000, 0.0, 90.0, 90.0
110.014, -18.37, 48.14, 42.15, 203.6, 0.000, 0.000, 0.0, 90.0, 90.0
110.213, -18.43, 48.07, 42.14, 204.6, 0.000, 0.000, 0.0, 90.0, 90.0
110.414, -18.42, 48.08, 42.17, 204.7, 0.000, 0.000, 0.0, 90.0, 90.0
110.614, -18.40, 48.11, 42.20, 204.5, 0.000, 0.000, 0.0, 90.0, 90.0
110.814, -18.35, 48.20, 42.22, 203.5, 0.000, 0.000, 0.0, 90.0, 90.0
111.014, -18.31, 48.23, 42.22, 203.3, 0.000, 0.000, 0.0, 90.0, 90.0
111.213, -18.31, 48.23, 42.22, 203.3, 0.000, 0.000, 0.0, 90.0, 90.0
111.414, -18.31, 48.23, 42.22, 203.3, 0.000, 0.000, 0.0, 90.0, 90.0
111.614, -18.31, 48.23, 42.22, 203.3, 0.000, 0.000, 0.0, 90.0, 90.0
111.814, -18.31, 48.23, 42.22, 203.3, 0.000, 0.000, 0.0, 90.0, 90.0
112.014, -18.31, 48.23, 42.22, 203.3, 0.000, 0.000, 0.0, 90.0, 90.0
112.214, -18.31, 48.23, 42.22, 203.3, 0.000, 0.000, 0.0, 90.0, 90.0
112.414, -18.28, 48.48, 42.26, 203.5, 0.000, 0.000, 0.0, 90.0, 90.0
112.615, -19.13, 48.49, 43.56, 225.5, 0.000, 0.000, 0.0, 90.0, 90.0
112.815, -19.44, 48.45, 44.22, 239.1, 0.000, 0.000, 0.0, 90.0, 90.0
113.014, -19.47, 48.48, 44.18, 239.5, 0.000, 0.000, 0.0, 90.0, 90.0
113.214, -19.41, 48.54, 44.19, 239.6, 0.000, 0.000, 0.0, 90.0, 90.0
113.415, -19.41, 48.54, 44.19, 239.6, 0.000, 0.000, 0.0, 90.0, 90.0
113.615, -19.41, 48.54, 44.19, 239.6, 0.000, 0.000, 0.0, 90.0, 90.0
113.813, -19.41, 48.54, 44.19, 239.6, 0.000, 0.000, 0.0, 90.0, 90.0
114.014, -19.41, 48.54, 44.19, 239.6, 0.000, 0.000, 0.0, 90.0, 90.0
114.214, -19.41, 48.54, 44.19, 239.6, 0.000, 0.000, 0.0, 90.0, 90.0
114.414, -19.41, 48.54, 44.19, 239.6, 0.000, 0.000, 0.0, 90.0, 90.0
114.614, -19.41, 48.54, 44.19, 239.6, 0.000, 0.000, 0.0, 90.0, 90.0
114.814, -19.41, 48.54, 44.19, 239.6, 0.000, 0.000, 0.0, 90.0, 90.0
115.014, -19.41, 48.54, 44.19, 239.6, 0.000, 0.000, 0.0, 90.0, 90.0
115.214, -19.41, 48.54, 44.19, 239.6, 0.000, 0.000, 0.0, 90.0, 90.0
115.413, -19.15, 48.85, 44.12, 240.2, 0.000, 0.000, 0.0, 90.0, 90.0
115.614, -19.14, 48.90, 44.14, 240.3, 0.000, 0.000, 0.0, 90.0, 90.0
115.814, -19.12, 48.90, 44.14, 240.3, 0.000, 0.000, 0.0, 90.0, 90.0
116.014, -19.12, 48.90, 44.14, 240.3, 0.000, 0.000, 0.0, 90.0, 90.0
116.214, -18.95, 48.87, 43.85, 238.3, 0.000, 0.000, 0.0, 90.0, 90.0
116.414, -17.83, 48.99, 42.21, 209.5, 0.000, 0.000, 0.0, 90.0, 90.0
116.614, -17.28, 48.95, 41.50, 120.3, 0.000, 0.000, 0.0, 90.0, 90.0
116.813, -17.21, 49.04, 41.66, 292.1, 0.000, 0.000, 0.0, 90.0, 90.0
117.013, -17.06, 49.24, 41.68, 191.3, 0.000, 0.000, 0.0, 90.0, 90.0
117.214, -17.22, 49.17, 41.73, 183.5, 0.000, 0.000, 0.0, 90.0, 90.0
117.414, -17.24, 49.19, 41.73, 182.9, 0.000, 0.000, 0.0, 90.0, 90.0
117.614, -17.25, 49.19, 41.73, 182.8, 0.000, 0.000, 0.0, 90.0, 90.0
117.814, -17.25, 49.19, 41.73, 182.8, 0.000, 0.000, 0.0, 90.0, 90.0
118.014, -17.25, 49.19, 41.73, 182.8, 0.000, 0.000, 0.0, 90.0, 90.0
118.215, -17.25, 49.19, 41.73, 182.8, 0.000, 0.000, 0.0, 90.0, 90.0
118.414, -17.25, 49.19, 41.73, 182.8, 0.000, 0.000, 0.0, 90.0, 90.0
118.614, -17.25, 49.19, 41.73, 182.8, 0.000, 0.000, 0.0, 90.0, 90.0
118.814, -17.25, 49.19, 41.73, 182.8, 0.000, 0.000, 0.0, 90.0, 90.0
119.014, -17.25, 49.19, 41.73, 182.8, 0.000, 0.000, 0.0, 90.0, 90.0
119.214, -17.25, 49.19, 41.73, 182.8, 0.000, 0.000, 0.0, 90.0, 90.0
119.414, -17.24, 49.51, 41.74, 182.9, 0.000, 0.000, 0.0, 90.0, 90.0
119.615, -17.51, 49.55, 41.99, 188.7, 0.000, 0.000, 0.0, 90.0, 90.0
119.814, -17.71, 49.56, 42.14, 196.9, 0.000, 0.000, 0.0, 90.0, 90.0
120.015, -17.70, 49.56, 42.12, 198.6, 0.000, 0.000, 0.0, 90.0, 90.0
120.214, -17.70, 49.56, 42.12, 198.8, 0.000, 0.000, 0.0, 90.0, 90.0
120.414, -17.70, 49.56, 42.12, 198.8, 0.000, 0.000, 0.0, 90.0, 90.0
120.618, -17.71, 49.59, 42.07, 199.7, 0.000, 0.000, 0.0, 90.0, 90.0
120.814, -17.81, 49.60, 41.93, 203.4, 0.000, 0.000, 0.0, 90.0, 90.0
121.014, -17.93, 49.58, 41.77, 208.0, 0.000, 0.000, 0.0, 90.0, 90.0
121.214, -18.04, 49.61, 41.56, 212.6, 0.000, 0.000, 0.0, 90.0, 90.0
121.415, -18.15, 49.66, 41.37, 216.9, 0.000, 0.000, 0.0, 90.0, 90.0
121.615, -18.31, 49.63, 41.18, 220.6, 0.000, 0.000, 0.0, 90.0, 90.0
121.814, -18.47, 49.63, 40.98, 223.9, 0.000, 0.000, 0.0, 90.0, 90.0
122.014, -18.69, 49.59, 40.79, 227.2, 0.000, 0.000, 0.0, 90.0, 90.0
122.214, -18.86, 49.64, 40.51, 230.2, 0.000, 0.000, 0.0, 90.0, 90.0
122.414, -19.01, 49.67, 40.34, 232.9, 0.000, 0.000, 0.0, 90.0, 90.0
122.614, -19.22, 49.67, 40.20, 235.6, 0.000, 0.000, 0.0, 90.0, 90.0
122.815, -19.28, 49.75, 40.08, 237.7, 0.000, 0.000, 0.0, 90.0, 90.0
123.014, -19.29, 49.78, 40.01, 237.9, 0.000, 0.000, 0.0, 90.0, 90.0
123.214, -19.30, 49.78, 39.99, 238.0, 0.000, 0.000, 0.0, 90.0, 90.0
123.414, -19.30, 49.78, 39.99, 238.0, 0.000, 0.000, 0.0, 90.0, 90.0
123.614, -18.94, 49.86, 40.21, 237.5, 0.000, 0.000, 0.0, 90.0, 90.0
123.814, -18.54, 49.87, 40.55, 236.4, 0.000, 0.000, 0.0, 90.0, 90.0
124.014, -18.56, 49.79, 40.57, 236.2, 0.000, 0.000, 0.0, 90.0, 90.0
124.214, -18.57, 49.79, 40.58, 236.2, 0.000, 0.000, 0.0, 90.0, 90.0
124.415, -18.41, 49.78, 40.85, 236.2, 0.000, 0.000, 0.0, 90.0, 90.0
124.614, -17.67, 49.75, 41.88, 236.0, 0.000, 0.000, 0.0, 90.0, 90.0
124.815, -16.61, 49.73, 43.29, 235.8, 0.000, 0.000, 0.0, 90.0, 90.0
125.014, -15.54, 49.66, 44.87, 235.7, 0.000, 0.000, 0.0, 90.0, 90.0
125.214, -14.32, 49.75, 46.36, 235.5, 0.000, 0.000, 0.0, 90.0, 90.0
125.414, -13.20, 49.81, 48.05, 235.3, 0.000, 0.000, 0.0, 90.0, 90.0
125.615, -11.96, 49.83, 49.69, 235.5, 0.000, 0.000, 0.0, 90.0, 90.0
125.814, -10.75, 49.96, 51.28, 235.5, 0.000, 0.000, 0.0, 90.0, 90.0
126.015, -9.52, 50.10, 52.97, 235.4, 0.000, 0.000, 0.0, 90.0, 90.0
126.214, -8.38, 50.06, 54.55, 235.3, 0.000, 0.000, 0.0, 90.0, 90.0
126.415, -7.26, 50.09, 55.96, 235.2, 0.000, 0.000, 0.0, 90.0, 90.0
126.614, -6.78, 50.27, 56.49, 235.2, 0.000, 0.000, 0.0, 90.0, 90.0
126.814, -6.87, 49.66, 56.55, 235.2, 0.000, 0.000, 0.0, 90.0, 90.0
127.015, -6.95, 49.59, 56.81, 236.4, 0.000, 0.000, 0.0, 90.0, 90.0
127.215, -6.85, 49.50, 57.13, 241.8, 0.000, 0.000, 0.0, 90.0, 90.0
127.414, -6.73, 49.46, 57.48, 248.4, 0.000, 0.000, 0.0, 90.0, 90.0
127.615, -6.50, 49.51, 57.87, 254.8, 0.000, 0.000, 0.0, 90.0, 90.0
127.814, -6.32, 49.26, 58.33, 260.3, 0.000, 0.000, 0.0, 90.0, 90.0
128.014, -6.33, 49.27, 58.37, 261.8, 0.000, 0.000, 0.0, 90.0, 90.0
128.214, -6.27, 49.26, 58.38, 261.7, 0.000, 0.000, 0.0, 90.0, 90.0
128.414, -5.43, 49.30, 58.52, 261.1, 0.000, 0.000, 0.0, 90.0, 90.0
128.615, -3.93, 49.07, 58.93, 260.4, 0.000, 0.000, 0.0, 90.0, 90.0
128.814, -2.09, 49.12, 59.59, 260.2, 0.000, 0.000, 0.0, 90.0, 90.0
129.014, -0.14, 49.12, 60.10, 260.1, 0.000, 0.000, 0.0, 90.0, 90.0
129.213, 1.88, 49.28, 60.73, 260.2, 0.000, 0.000, 0.0, 90.0, 90.0
129.413, 3.78, 49.33, 61.22, 260.3, 0.000, 0.000, 0.0, 90.0, 90.0
129.614, 5.80, 49.32, 61.85, 260.5, 0.000, 0.000, 0.0, 90.0, 90.0
129.814, 7.75, 49.44, 62.42, 260.6, 0.000, 0.000, 0.0, 90.0, 90.0
130.014, 9.70, 49.32, 62.97, 260.5, 0.000, 0.000, 0.0, 90.0, 90.0
130.216, 11.74, 49.34, 63.61, 260.6, 0.000, 0.000, 0.0, 90.0, 90.0
130.413, 13.18, 49.43, 64.00, 260.7, 0.000, 0.000, 0.0, 90.0, 90.0
130.613, 13.68, 49.37, 64.12, 260.8, 0.000, 0.000, 0.0, 90.0, 90.0
130.814, 13.78, 49.20, 64.21, 261.0, 0.000, 0.000, 0.0, 90.0, 90.0
131.012, 13.93, 49.41, 64.31, 262.8, 0.000, 0.000, 0.0, 90.0, 90.0
131.213, 13.86, 44.22, 64.58, 267.0, 0.000, 0.000, 0.0, 90.0, 90.0
131.413, 14.02, 44.16, 64.77, 271.9, 0.000, 0.000, 0.0, 90.0, 90.0
131.614, 14.61, 44.02, 64.98, 276.7, 0.000, 0.000, 0.0, 90.0, 90.0
131.814, 14.85, 43.89, 65.06, 280.8, 0.000, 0.000, 0.0, 90.0, 90.0
132.013, 14.73, 44.10, 65.13, 282.4, 0.000, 0.000, 0.0, 90.0, 90.0
132.213, 14.81, 44.11, 65.11, 282.5, 0.000, 0.000, 0.0, 90.0, 90.0
132.413, 14.80, 44.11, 65.10, 282.4, 0.000, 0.000, 0.0, 90.0, 90.0
132.613, 14.78, 44.09, 65.04, 281.3, 0.000, 0.000, 0.0, 90.0, 90.0
132.815, 14.77, 44.09, 64.99, 280.4, 0.000, 0.000, 0.0, 90.0, 90.0
133.013, 14.77, 44.11, 64.99, 280.4, 0.000, 0.000, 0.0, 90.0, 90.0
133.213, 14.76, 44.10, 64.98, 280.2, 0.000, 0.000, 0.0, 90.0, 90.0
133.413, 22.41, 50.11, 62.95, 280.2, 0.000, 0.000, 0.0, 90.0, 90.0
133.613, 22.82, 50.17, 62.82, 280.7, 0.000, 0.000, 0.0, 90.0, 90.0
133.813, 22.86, 50.18, 62.80, 280.7, 0.000, 0.000, 0.0, 90.0, 90.0
134.013, 22.86, 50.18, 62.80, 280.7, 0.000, 0.000, 0.0, 90.0, 90.0
134.214, 22.86, 50.18, 62.80, 280.7, 0.000, 0.000, 0.0, 90.0, 90.0
134.413, 22.86, 50.18, 62.80, 280.7, 0.000, 0.000, 0.0, 90.0, 90.0
134.613, 22.86, 50.18, 62.80, 280.7, 0.000, 0.000, 0.0, 90.0, 90.0
134.813, 22.86, 50.18, 62.80, 280.7, 0.000, 0.000, 0.0, 90.0, 90.0
135.013, 23.08, 49.95, 62.81, 280.4, 0.000, 0.000, 0.0, 90.0, 90.0
135.212, 24.26, 50.04, 62.43, 280.4, 0.000, 0.000, 0.0, 90.0, 90.0
135.413, 25.92, 49.98, 61.89, 280.5, 0.000, 0.000, 0.0, 90.0, 90.0
135.613, 27.68, 50.01, 61.34, 280.6, 0.000, 0.000, 0.0, 90.0, 90.0
135.814, 29.53, 50.02, 60.72, 280.5, 0.000, 0.000, 0.0, 90.0, 90.0
136.013, 31.59, 49.71, 59.96, 280.7, 0.000, 0.000, 0.0, 90.0, 90.0
136.213, 33.48, 49.47, 59.22, 280.6, 0.000, 0.000, 0.0, 90.0, 90.0
136.414, 35.06, 49.06, 58.66, 280.8, 0.000, 0.000, 0.0, 90.0, 90.0
136.615, 35.61, 47.68, 58.24, 281.0, 0.000, 0.000, 0.0, 90.0, 90.0
136.813, 35.69, 49.15, 58.36, 280.8, 0.000, 0.000, 0.0, 90.0, 90.0
137.014, 35.74, 49.53, 58.47, 280.8, 0.000, 0.000, 0.0, 90.0, 90.0
137.214, 35.99, 49.49, 58.55, 281.8, 0.000, 0.000, 0.0, 90.0, 90.0
137.413, 36.24, 49.52, 58.48, 285.5, 0.000, 0.000, 0.0, 90.0, 90.0
137.613, 36.42, 49.50, 58.29, 291.6, 0.000, 0.000, 0.0, 90.0, 90.0
137.813, 36.56, 49.41, 58.43, 298.2, 0.000, 0.000, 0.0, 90.0, 90.0
138.013, 36.57, 49.41, 58.59, 305.3, 0.000, 0.000, 0.0, 90.0, 90.0
138.213, 36.82, 49.40, 58.78, 313.9, 0.000, 0.000, 0.0, 90.0, 90.0
138.413, 37.04, 49.41, 58.90, 323.0, 0.000, 0.000, 0.0, 90.0, 90.0
138.614, 37.10, 49.41, 58.92, 326.4, 0.000, 0.000, 0.0, 90.0, 90.0
138.813, 37.09, 49.41, 58.92, 326.6, 0.000, 0.000, 0.0, 90.0, 90.0
139.013, 39.29, 48.70, 56.99, 327.1, 0.000, 0.000, 0.0, 90.0, 90.0
139.213, 40.01, 49.52, 55.68, 324.2, 0.000, 0.000, 0.0, 90.0, 90.0
139.413, 40.53, 50.65, 54.97, 321.9, 0.000, 0.000, 0.0, 90.0, 90.0
139.613, 40.56, 50.50, 54.91, 321.9, 0.000, 0.000, 0.0, 90.0, 90.0
139.814, 40.56, 50.48, 54.90, 321.6, 0.000, 0.000, 0.0, 90.0, 90.0
140.013, 40.56, 50.47, 54.91, 321.6, 0.000, 0.000, 0.0, 90.0, 90.0
140.214, 40.56, 50.48, 54.92, 322.0, 0.000, 0.000, 0.0, 90.0, 90.0
140.414, 40.56, 50.48, 54.91, 322.0, 0.000, 0.000, 0.0, 90.0, 90.0
140.615, 40.56, 50.48, 54.91, 322.0, 0.000, 0.000, 0.0, 90.0, 90.0
140.814, 40.56, 50.48, 54.91, 322.0, 0.000, 0.000, 0.0, 90.0, 90.0
141.013, 40.56, 50.48, 54.91, 321.8, 0.000, 0.000, 0.0, 90.0, 90.0
141.214, 40.55, 50.50, 54.91, 321.8, 0.000, 0.000, 0.0, 90.0, 90.0
141.414, 40.54, 50.49, 54.89, 321.3, 0.000, 0.000, 0.0, 90.0, 90.0
141.614, 40.55, 50.46, 54.89, 321.1, 0.000, 0.000, 0.0, 90.0, 90.0
141.814, 40.55, 50.48, 54.90, 321.3, 0.000, 0.000, 0.0, 90.0, 90.0
142.013, 40.55, 50.49, 54.91, 321.6, 0.000, 0.000, 0.0, 90.0, 90.0
142.214, 47.65, 50.34, 41.52, 321.6, 0.000, 0.000, 0.0, 90.0, 90.0
142.414, 47.70, 50.32, 41.41, 322.1, 0.000, 0.000, 0.0, 90.0, 90.0
142.614, 47.70, 50.32, 41.41, 322.2, 0.000, 0.000, 0.0, 90.0, 90.0
142.813, 47.70, 50.32, 41.41, 322.2, 0.000, 0.000, 0.0, 90.0, 90.0
143.013, 47.70, 50.30, 41.40, 322.3, 0.000, 0.000, 0.0, 90.0, 90.0
143.213, 47.69, 50.30, 41.38, 321.9, 0.000, 0.000, 0.0, 90.0, 90.0
143.414, 47.68, 50.31, 41.37, 321.6, 0.000, 0.000, 0.0, 90.0, 90.0
143.614, 47.68, 50.31, 41.37, 321.4, 0.000, 0.000, 0.0, 90.0, 90.0
143.814, 47.68, 50.30, 41.37, 321.3, 0.000, 0.000, 0.0, 90.0, 90.0
144.013, 47.69, 50.30, 41.37, 321.3, 0.000, 0.000, 0.0, 90.0, 90.0
144.214, 47.69, 50.30, 41.37, 321.2, 0.000, 0.000, 0.0, 90.0, 90.0
144.411, 47.70, 50.29, 41.38, 321.7, 0.000, 0.000, 0.0, 90.0, 90.0
144.613, 47.69, 50.30, 41.38, 321.8, 0.000, 0.000, 0.0, 90.0, 90.0
144.813, 47.69, 50.30, 41.37, 321.7, 0.000, 0.000, 0.0, 90.0, 90.0
145.014, 47.69, 50.30, 41.37, 321.7, 0.000, 0.000, 0.0, 90.0, 90.0
145.214, 47.69, 50.30, 41.37, 321.7, 0.000, 0.000, 0.0, 90.0, 90.0
145.414, 47.69, 50.30, 41.37, 321.7, 0.000, 0.000, 0.0, 90.0, 90.0
145.614, 47.69, 50.30, 41.37, 321.7, 0.000, 0.000, 0.0, 90.0, 90.0
145.813, 47.69, 50.30, 41.37, 321.7, 0.000, 0.000, 0.0, 90.0, 90.0
146.014, 47.69, 50.30, 41.37, 321.7, 0.000, 0.000, 0.0, 90.0, 90.0
146.212, 47.68, 50.31, 41.36, 321.3, 0.000, 0.000, 0.0, 90.0, 90.0
146.413, 47.68, 50.30, 41.35, 320.7, 0.000, 0.000, 0.0, 90.0, 90.0
146.613, 47.68, 50.30, 41.34, 320.3, 0.000, 0.000, 0.0, 90.0, 90.0
146.813, 47.68, 50.30, 41.36, 320.9, 0.000, 0.000, 0.0, 90.0, 90.0
147.013, 47.69, 50.30, 41.36, 321.1, 0.000, 0.000, 0.0, 90.0, 90.0
147.214, 47.68, 50.30, 41.35, 320.7, 0.000, 0.000, 0.0, 90.0, 90.0
147.414, 47.69, 50.31, 41.36, 320.7, 0.000, 0.000, 0.0, 90.0, 90.0
147.614, 47.69, 50.30, 41.37, 321.0, 0.000, 0.000, 0.0, 90.0, 90.0
147.812, 47.68, 50.33, 41.37, 321.0, 0.000, 0.000, 0.0, 90.0, 90.0
148.014, 47.69, 50.30, 41.39, 321.2, 0.000, 0.000, 0.0, 90.0, 90.0
148.213, 47.69, 50.30, 41.39, 321.2, 0.000, 0.000, 0.0, 90.0, 90.0
148.414, 47.69, 50.30, 41.39, 321.3, 0.000, 0.000, 0.0, 90.0, 90.0
148.614, 47.69, 50.30, 41.39, 321.4, 0.000, 0.000, 0.0, 90.0, 90.0
148.813, 57.42, 49.04, 21.38, 320.2, 0.000, 0.000, 0.0, 90.0, 90.0
149.013, 57.86, 49.03, 20.47, 320.4, 0.000, 0.000, 0.0, 90.0, 90.0
149.213, 57.86, 49.03, 20.47, 320.4, 0.000, 0.000, 0.0, 90.0, 90.0
149.412, 57.86, 49.03, 20.47, 320.4, 0.000, 0.000, 0.0, 90.0, 90.0
149.613, 57.86, 49.03, 20.47, 320.4, 0.000, 0.000, 0.0, 90.0, 90.0
149.813, 57.86, 49.03, 20.47, 320.4, 0.000, 0.000, 0.0, 90.0, 90.0
150.013, 58.07, 48.92, 19.96, 320.3, 0.000, 0.000, 0.0, 90.0, 90.0
150.214, 58.71, 48.82, 18.60, 320.6, 0.000, 0.000, 0.0, 90.0, 90.0
150.414, 59.46, 48.73, 17.02, 321.1, 0.000, 0.000, 0.0, 90.0, 90.0
150.613, 60.35, 48.54, 15.24, 321.4, 0.000, 0.000, 0.0, 90.0, 90.0
150.814, 61.19, 48.35, 13.39, 321.1, 0.000, 0.000, 0.0, 90.0, 90.0
151.013, 62.11, 48.31, 11.47, 321.1, 0.000, 0.000, 0.0, 90.0, 90.0
151.213, 62.54, 48.11, 10.55, 321.3, 0.000, 0.000, 0.0, 90.0, 90.0
151.414, 62.65, 48.63, 10.28, 321.5, 0.000, 0.000, 0.0, 90.0, 90.0
151.614, 62.86, 48.82, 10.17, 324.5, 0.000, 0.000, 0.0, 90.0, 90.0
151.813, 63.25, 48.80, 9.70, 337.2, 0.000, 0.000, 0.0, 90.0, 90.0
152.013, 63.53, 48.95, 9.50, 347.5, 0.000, 0.000, 0.0, 90.0, 90.0
152.214, 63.54, 49.04, 9.51, 349.0, 0.000, 0.000, 0.0, 90.0, 90.0
152.413, 63.70, 49.00, 9.07, 348.9, 0.000, 0.000, 0.0, 90.0, 90.0
152.613, 64.07, 48.95, 7.58, 347.2, 0.000, 0.000, 0.0, 90.0, 90.0
152.814, 64.63, 48.87, 5.77, 345.8, 0.000, 0.000, 0.0, 90.0, 90.0
153.013, 64.97, 48.82, 3.99, 345.1, 0.000, 0.000, 0.0, 90.0, 90.0
153.214, 65.37, 48.63, 2.55, 345.1, 0.000, 0.000, 0.0, 90.0, 90.0
153.413, 65.85, 48.54, 0.79, 345.2, 0.000, 0.000, 0.0, 90.0, 90.0
153.613, 66.31, 48.49, -1.10, 345.3, 0.000, 0.000, 0.0, 90.0, 90.0
153.813, 66.82, 48.32, -3.14, 344.8, 0.000, 0.000, 0.0, 90.0, 90.0
154.013, 67.37, 48.25, -5.25, 344.6, 0.000, 0.000, 0.0, 90.0, 90.0
154.213, 68.01, 48.14, -7.32, 344.5, 0.000, 0.000, 0.0, 90.0, 90.0
154.413, 68.55, 48.11, -9.48, 343.7, 0.000, 0.000, 0.0, 90.0, 90.0
154.614, 69.11, 48.08, -11.57, 343.3, 0.000, 0.000, 0.0, 90.0, 90.0
154.813, 69.63, 47.86, -13.51, 343.1, 0.000, 0.000, 0.0, 90.0, 90.0
155.014, 69.81, 47.84, -14.05, 343.4, 0.000, 0.000, 0.0, 90.0, 90.0
155.213, 69.74, 48.64, -13.82, 343.5, 0.000, 0.000, 0.0, 90.0, 90.0
155.412, 69.74, 48.70, -13.78, 343.5, 0.000, 0.000, 0.0, 90.0, 90.0
155.612, 69.74, 48.70, -13.78, 343.5, 0.000, 0.000, 0.0, 90.0, 90.0
155.814, 69.74, 48.70, -13.78, 343.5, 0.000, 0.000, 0.0, 90.0, 90.0
156.013, 69.76, 48.78, -13.81, 344.4, 0.000, 0.000, 0.0, 90.0, 90.0
156.213, 69.93, 48.78, -14.16, 352.4, 0.000, 0.000, 0.0, 90.0, 90.0
156.414, 70.42, 48.75, -14.83, 8.4, 0.000, 0.000, 0.0, 90.0, 90.0
156.613, 70.82, 48.75, -15.46, 23.3, 0.000, 0.000, 0.0, 90.0, 90.0
156.814, 70.90, 48.87, -15.50, 28.9, 0.000, 0.000, 0.0, 90.0, 90.0
157.012, 70.91, 48.79, -15.53, 29.1, 0.000, 0.000, 0.0, 90.0, 90.0
157.214, 70.91, 48.79, -15.52, 29.1, 0.000, 0.000, 0.0, 90.0, 90.0
157.414, 70.90, 48.78, -15.63, 29.0, 0.000, 0.000, 0.0, 90.0, 90.0
157.613, 70.69, 48.76, -16.70, 28.2, 0.000, 0.000, 0.0, 90.0, 90.0
157.812, 70.38, 48.68, -18.36, 25.6, 0.000, 0.000, 0.0, 90.0, 90.0
158.013, 70.04, 48.80, -20.23, 24.8, 0.000, 0.000, 0.0, 90.0, 90.0
158.213, 69.82, 49.02, -21.95, 24.7, 0.000, 0.000, 0.0, 90.0, 90.0
158.413, 69.66, 49.02, -22.60, 24.4, 0.000, 0.000, 0.0, 90.0, 90.0
158.613, 69.65, 49.02, -22.60, 24.1, 0.000, 0.000, 0.0, 90.0, 90.0
158.812, 69.64, 49.02, -22.61, 23.4, 0.000, 0.000, 0.0, 90.0, 90.0
159.014, 69.63, 49.02, -22.58, 23.0, 0.000, 0.000, 0.0, 90.0, 90.0
159.213, 69.64, 49.02, -22.58, 23.1, 0.000, 0.000, 0.0, 90.0, 90.0
159.412, 69.07, 49.09, -27.33, 23.1, 0.000, 0.000, 0.0, 90.0, 90.0
159.614, 68.93, 49.09, -28.57, 23.1, 0.000, 0.000, 0.0, 90.0, 90.0
159.814, 68.93, 49.09, -28.58, 23.1, 0.000, 0.000, 0.0, 90.0, 90.0
160.014, 68.93, 49.09, -28.58, 23.1, 0.000, 0.000, 0.0, 90.0, 90.0
160.213, 68.93, 49.09, -28.58, 23.1, 0.000, 0.000, 0.0, 90.0, 90.0
160.413, 68.93, 49.09, -28.58, 23.1, 0.000, 0.000, 0.0, 90.0, 90.0
160.614, 68.93, 49.09, -28.58, 23.1, 0.000, 0.000, 0.0, 90.0, 90.0
160.811, 68.93, 49.09, -28.58, 23.1, 0.000, 0.000, 0.0, 90.0, 90.0
161.013, 68.93, 49.09, -28.58, 23.1, 0.000, 0.000, 0.0, 90.0, 90.0
161.213, 68.92, 49.09, -28.58, 23.0, 0.000, 0.000, 0.0, 90.0, 90.0
161.413, 68.92, 49.09, -28.58, 23.0, 0.000, 0.000, 0.0, 90.0, 90.0
161.613, 67.99, 48.35, -32.99, 24.7, 0.000, 0.000, 0.0, 90.0, 90.0
161.813, 67.97, 48.75, -32.40, 24.6, 0.000, 0.000, 0.0, 90.0, 90.0
162.015, 67.98, 48.75, -32.41, 25.0, 0.000, 0.000, 0.0, 90.0, 90.0
162.213, 67.58, 49.27, -34.54, 24.7, 0.000, 0.000, 0.0, 90.0, 90.0
162.415, 67.47, 49.19, -35.38, 24.7, 0.000, 0.000, 0.0, 90.0, 90.0
162.613, 67.46, 49.19, -35.38, 24.7, 0.000, 0.000, 0.0, 90.0, 90.0
162.813, 66.87, 48.90, -38.63, 23.8, 0.000, 0.000, 0.0, 90.0, 90.0
163.014, 66.76, 47.88, -41.43, 23.0, 0.000, 0.000, 0.0, 90.0, 90.0
163.214, 66.49, 48.22, -43.76, 22.4, 0.000, 0.000, 0.0, 90.0, 90.0
163.413, 66.26, 48.72, -44.73, 22.3, 0.000, 0.000, 0.0, 90.0, 90.0
163.613, 65.99, 49.16, -45.87, 22.1, 0.000, 0.000, 0.0, 90.0, 90.0
163.813, 65.91, 49.29, -46.18, 22.2, 0.000, 0.000, 0.0, 90.0, 90.0
164.013, 65.94, 48.88, -46.24, 22.2, 0.000, 0.000, 0.0, 90.0, 90.0
164.214, 65.98, 48.69, -46.25, 22.2, 0.000, 0.000, 0.0, 90.0, 90.0
164.414, 65.98, 48.69, -46.25, 22.2, 0.000, 0.000, 0.0, 90.0, 90.0
164.612, 65.98, 48.69, -46.25, 22.2, 0.000, 0.000, 0.0, 90.0, 90.0
164.813, 65.88, 48.80, -46.25, 22.8, 0.000, 0.000, 0.0, 90.0, 90.0
165.013, 65.88, 48.77, -46.69, 28.9, 0.000, 0.000, 0.0, 90.0, 90.0
165.214, 66.05, 48.76, -47.31, 38.5, 0.000, 0.000, 0.0, 90.0, 90.0
165.413, 66.16, 48.89, -47.39, 43.0, 0.000, 0.000, 0.0, 90.0, 90.0
165.613, 66.17, 48.89, -47.41, 43.9, 0.000, 0.000, 0.0, 90.0, 90.0
165.814, 66.18, 48.90, -47.41, 44.3, 0.000, 0.000, 0.0, 90.0, 90.0
166.013, 66.19, 48.90, -47.42, 44.4, 0.000, 0.000, 0.0, 90.0, 90.0
166.213, 66.22, 48.91, -47.65, 47.3, 0.000, 0.000, 0.0, 90.0, 90.0
166.416, 66.25, 48.97, -47.99, 51.2, 0.000, 0.000, 0.0, 90.0, 90.0
166.613, 66.24, 48.99, -48.00, 51.5, 0.000, 0.000, 0.0, 90.0, 90.0
166.814, 66.24, 48.99, -48.00, 51.6, 0.000, 0.000, 0.0, 90.0, 90.0
167.015, 66.24, 48.99, -48.00, 51.6, 0.000, 0.000, 0.0, 90.0, 90.0
167.214, 66.43, 48.88, -49.36, 58.0, 0.000, 0.000, 0.0, 90.0, 90.0
167.414, 65.54, 48.90, -52.16, 74.3, 0.000, 0.000, 0.0, 90.0, 90.0
167.614, 64.72, 48.89, -54.24, 81.0, 0.000, 0.000, 0.0, 90.0, 90.0
167.814, 64.48, 48.84, -54.63, 81.5, 0.000, 0.000, 0.0, 90.0, 90.0
168.012, 64.47, 48.93, -54.66, 81.5, 0.000, 0.000, 0.0, 90.0, 90.0
168.214, 64.47, 48.93, -54.66, 81.5, 0.000, 0.000, 0.0, 90.0, 90.0
168.413, 64.40, 48.98, -54.71, 81.5, 0.000, 0.000, 0.0, 90.0, 90.0
168.614, 63.84, 48.98, -55.71, 81.5, 0.000, 0.000, 0.0, 90.0, 90.0
168.813, 63.15, 48.99, -57.16, 81.1, 0.000, 0.000, 0.0, 90.0, 90.0
169.013, 62.29, 48.96, -58.95, 81.0, 0.000, 0.000, 0.0, 90.0, 90.0
169.213, 61.43, 48.71, -60.75, 81.0, 0.000, 0.000, 0.0, 90.0, 90.0
169.412, 60.63, 48.62, -62.38, 81.0, 0.000, 0.000, 0.0, 90.0, 90.0
169.611, 59.83, 48.56, -64.20, 80.9, 0.000, 0.000, 0.0, 90.0, 90.0
169.813, 59.42, 48.30, -65.03, 80.9, 0.000, 0.000, 0.0, 90.0, 90.0
170.013, 59.37, 48.82, -64.94, 80.8, 0.000, 0.000, 0.0, 90.0, 90.0
170.213, 59.36, 48.82, -64.93, 80.7, 0.000, 0.000, 0.0, 90.0, 90.0
170.413, 59.07, 48.76, -65.51, 80.7, 0.000, 0.000, 0.0, 90.0, 90.0
170.614, 58.46, 48.77, -66.85, 80.3, 0.000, 0.000, 0.0, 90.0, 90.0
170.814, 57.60, 48.71, -68.53, 80.2, 0.000, 0.000, 0.0, 90.0, 90.0
171.014, 57.13, 48.63, -69.70, 80.0, 0.000, 0.000, 0.0, 90.0, 90.0
171.214, 56.97, 48.71, -70.08, 79.9, 0.000, 0.000, 0.0, 90.0, 90.0
171.413, 56.99, 48.73, -70.08, 79.9, 0.000, 0.000, 0.0, 90.0, 90.0
171.614, 56.99, 48.73, -70.08, 79.9, 0.000, 0.000, 0.0, 90.0, 90.0
171.812, 56.99, 48.73, -70.08, 79.9, 0.000, 0.000, 0.0, 90.0, 90.0
172.014, 56.99, 48.73, -70.08, 79.9, 0.000, 0.000, 0.0, 90.0, 90.0
172.214, 56.99, 48.73, -70.08, 79.9, 0.000, 0.000, 0.0, 90.0, 90.0
172.413, 56.99, 48.73, -70.08, 79.9, 0.000, 0.000, 0.0, 90.0, 90.0
172.614, 56.99, 48.73, -70.08, 79.9, 0.000, 0.000, 0.0, 90.0, 90.0
172.814, 56.99, 48.73, -70.08, 79.9, 0.000, 0.000, 0.0, 90.0, 90.0
173.008, 56.99, 48.73, -70.08, 79.9, 0.000, 0.000, 0.0, 90.0, 90.0
173.213, 56.99, 48.73, -70.08, 79.9, 0.000, 0.000, 0.0, 90.0, 90.0
173.413, 56.99, 48.73, -70.08, 79.9, 0.000, 0.000, 0.0, 90.0, 90.0
173.613, 56.99, 48.73, -70.08, 79.9, 0.000, 0.000, 0.0, 90.0, 90.0
173.813, 56.99, 48.73, -70.08, 79.9, 0.000, 0.000, 0.0, 90.0, 90.0
174.009, 56.99, 48.73, -70.08, 79.9, 0.000, 0.000, 0.0, 90.0, 90.0
174.211, 57.26, 49.39, -70.01, 79.6, 0.000, 0.000, 0.0, 90.0, 90.0
174.413, 57.28, 49.39, -70.01, 79.7, 0.000, 0.000, 0.0, 90.0, 90.0
174.613, 57.28, 49.39, -70.01, 79.7, 0.000, 0.000, 0.0, 90.0, 90.0
174.813, 57.28, 49.39, -70.01, 79.7, 0.000, 0.000, 0.0, 90.0, 90.0
175.012, 57.28, 49.39, -70.01, 79.7, 0.000, 0.000, 0.0, 90.0, 90.0
175.211, 57.28, 49.39, -70.01, 79.7, 0.000, 0.000, 0.0, 90.0, 90.0
175.413, 57.28, 49.39, -70.01, 79.7, 0.000, 0.000, 0.0, 90.0, 90.0
175.613, 57.28, 49.39, -70.01, 79.7, 0.000, 0.000, 0.0, 90.0, 90.0
175.814, 57.28, 49.63, -69.80, 79.5, 0.000, 0.000, 0.0, 90.0, 90.0
176.014, 57.29, 49.63, -69.81, 79.8, 0.000, 0.000, 0.0, 90.0, 90.0
176.215, 57.30, 49.32, -69.86, 79.6, 0.000, 0.000, 0.0, 90.0, 90.0
176.414, 57.30, 49.32, -69.89, 79.7, 0.000, 0.000, 0.0, 90.0, 90.0
176.614, 57.30, 49.32, -69.89, 79.7, 0.000, 0.000, 0.0, 90.0, 90.0
176.814, 57.30, 49.32, -69.89, 79.7, 0.000, 0.000, 0.0, 90.0, 90.0
177.014, 57.30, 49.32, -69.89, 79.7, 0.000, 0.000, 0.0, 90.0, 90.0
177.214, 57.33, 49.55, -69.85, 79.8, 0.000, 0.000, 0.0, 90.0, 90.0
177.413, 57.31, 49.65, -69.35, 76.0, 0.000, 0.000, 0.0, 90.0, 90.0
177.613, 57.08, 49.44, -69.48, 71.8, 0.000, 0.000, 0.0, 90.0, 90.0
177.814, 57.11, 49.48, -69.51, 71.0, 0.000, 0.000, 0.0, 90.0, 90.0
178.014, 57.14, 49.49, -69.50, 70.9, 0.000, 0.000, 0.0, 90.0, 90.0
178.214, 57.14, 49.49, -69.50, 70.9, 0.000, 0.000, 0.0, 90.0, 90.0
178.414, 57.14, 49.49, -69.50, 70.9, 0.000, 0.000, 0.0, 90.0, 90.0
178.613, 57.20, 49.30, -69.54, 71.0, 0.000, 0.000, 0.0, 90.0, 90.0
178.814, 57.21, 49.30, -69.56, 71.5, 0.000, 0.000, 0.0, 90.0, 90.0
179.014, 57.21, 49.30, -69.55, 71.5, 0.000, 0.000, 0.0, 90.0, 90.0
179.214, 57.21, 49.30, -69.55, 71.5, 0.000, 0.000, 0.0, 90.0, 90.0
179.414, 57.21, 49.30, -69.55, 71.5, 0.000, 0.000, 0.0, 90.0, 90.0
179.613, 57.21, 49.30, -69.55, 71.5, 0.000, 0.000, 0.0, 90.0, 90.0
179.814, 57.21, 49.30, -69.55, 71.5, 0.000, 0.000, 0.0, 90.0, 90.0
180.014, 57.21, 49.30, -69.55, 71.5, 0.000, 0.000, 0.0, 90.0, 90.0
180.214, 57.10, 49.36, -68.76, 66.3, 0.000, 0.000, 0.0, 90.0, 90.0
180.416, 56.36, 49.33, -67.05, 41.3, 0.000, 0.000, 0.0, 90.0, 90.0
180.613, 55.59, 49.18, -66.10, 3.9, 0.000, 0.000, 0.0, 90.0, 90.0
180.814, 55.69, 49.38, -66.07, 8.2, 0.000, 0.000, 0.0, 90.0, 90.0
181.014, 55.45, 49.42, -66.06, 11.3, 0.000, 0.000, 0.0, 90.0, 90.0
181.214, 55.48, 49.41, -66.14, 11.5, 0.000, 0.000, 0.0, 90.0, 90.0
181.421, 55.48, 49.41, -66.14, 11.6, 0.000, 0.000, 0.0, 90.0, 90.0
181.614, 55.48, 49.41, -66.14, 11.6, 0.000, 0.000, 0.0, 90.0, 90.0
181.814, 55.48, 49.41, -66.14, 11.6, 0.000, 0.000, 0.0, 90.0, 90.0
182.015, 55.48, 49.41, -66.14, 11.5, 0.000, 0.000, 0.0, 90.0, 90.0
182.214, 55.48, 49.41, -66.14, 11.5, 0.000, 0.000, 0.0, 90.0, 90.0
182.413, 55.48, 49.41, -66.14, 11.5, 0.000, 0.000, 0.0, 90.0, 90.0
182.614, 55.48, 49.41, -66.14, 11.5, 0.000, 0.000, 0.0, 90.0, 90.0
182.814, 55.48, 49.41, -66.14, 11.5, 0.000, 0.000, 0.0, 90.0, 90.0
183.014, 55.48, 49.41, -66.14, 11.5, 0.000, 0.000, 0.0, 90.0, 90.0
183.214, 55.48, 49.41, -66.14, 11.5, 0.000, 0.000, 0.0, 90.0, 90.0
183.414, 55.48, 49.41, -66.14, 11.5, 0.000, 0.000, 0.0, 90.0, 90.0
183.624, 55.48, 49.41, -66.14, 11.5, 0.000, 0.000, 0.0, 90.0, 90.0
183.815, 55.48, 49.41, -66.14, 11.5, 0.000, 0.000, 0.0, 90.0, 90.0
184.013, 55.48, 49.41, -66.14, 11.6, 0.000, 0.000, 0.0, 90.0, 90.0
184.214, 55.57, 49.41, -66.14, 14.4, 0.000, 0.000, 0.0, 90.0, 90.0
184.413, 55.91, 49.41, -66.20, 25.8, 0.000, 0.000, 0.0, 90.0, 90.0
184.618, 56.24, 49.41, -66.30, 36.9, 0.000, 0.000, 0.0, 90.0, 90.0
184.816, 56.57, 49.39, -66.46, 46.9, 0.000, 0.000, 0.0, 90.0, 90.0
185.013, 56.87, 49.39, -66.68, 55.5, 0.000, 0.000, 0.0, 90.0, 90.0
185.214, 57.13, 49.41, -66.93, 62.8, 0.000, 0.000, 0.0, 90.0, 90.0
185.413, 57.33, 49.40, -67.19, 68.5, 0.000, 0.000, 0.0, 90.0, 90.0
185.611, 57.37, 49.40, -67.25, 70.4, 0.000, 0.000, 0.0, 90.0, 90.0
185.814, 57.37, 49.40, -67.24, 70.6, 0.000, 0.000, 0.0, 90.0, 90.0
186.014, 57.40, 49.40, -67.30, 71.3, 0.000, 0.000, 0.0, 90.0, 90.0
186.215, 57.50, 49.39, -67.48, 74.0, 0.000, 0.000, 0.0, 90.0, 90.0
186.414, 57.55, 49.40, -67.60, 76.3, 0.000, 0.000, 0.0, 90.0, 90.0
186.612, 57.54, 49.40, -67.59, 76.3, 0.000, 0.000, 0.0, 90.0, 90.0
186.815, 57.54, 49.40, -67.59, 76.3, 0.000, 0.000, 0.0, 90.0, 90.0
187.015, 57.54, 49.40, -67.59, 76.3, 0.000, 0.000, 0.0, 90.0, 90.0
187.214, 57.52, 49.41, -67.55, 76.1, 0.000, 0.000, 0.0, 90.0, 90.0
187.413, 57.48, 49.42, -67.47, 75.3, 0.000, 0.000, 0.0, 90.0, 90.0
187.616, 57.45, 49.43, -67.43, 74.5, 0.000, 0.000, 0.0, 90.0, 90.0
187.812, 57.47, 49.43, -67.42, 74.3, 0.000, 0.000, 0.0, 90.0, 90.0
188.013, 57.47, 49.43, -67.42, 74.3, 0.000, 0.000, 0.0, 90.0, 90.0
188.214, 52.52, 50.93, -70.83, 74.2, 0.000, 0.000, 0.0, 90.0, 90.0
188.413, 50.61, 50.99, -72.18, 74.9, 0.000, 0.000, 0.0, 90.0, 90.0
188.611, 50.60, 50.99, -72.18, 75.0, 0.000, 0.000, 0.0, 90.0, 90.0
188.814, 50.60, 50.99, -72.18, 75.0, 0.000, 0.000, 0.0, 90.0, 90.0
189.015, 50.58, 50.99, -72.18, 74.8, 0.000, 0.000, 0.0, 90.0, 90.0
189.214, 50.57, 50.99, -72.17, 74.5, 0.000, 0.000, 0.0, 90.0, 90.0
189.418, 47.57, 48.65, -74.00, 72.8, 0.000, 0.000, 0.0, 90.0, 90.0
189.616, 45.11, 46.58, -75.50, 73.0, 0.000, 0.000, 0.0, 90.0, 90.0
189.813, 42.26, 46.72, -76.38, 73.3, 0.000, 0.000, 0.0, 90.0, 90.0
190.009, 40.04, 46.98, -77.02, 73.3, 0.000, 0.000, 0.0, 90.0, 90.0
190.211, 37.87, 47.23, -77.62, 73.0, 0.000, 0.000, 0.0, 90.0, 90.0
190.408, 35.99, 47.48, -78.13, 72.7, 0.000, 0.000, 0.0, 90.0, 90.0
190.615, 33.94, 47.68, -78.80, 72.7, 0.000, 0.000, 0.0, 90.0, 90.0
190.814, 31.94, 47.81, -80.51, 77.2, 0.000, 0.000, 0.0, 90.0, 90.0
191.008, 29.02, 47.52, -82.62, 92.7, 0.000, 0.000, 0.0, 90.0, 90.0
191.208, 26.21, 47.64, -83.95, 106.8, 0.000, 0.000, 0.0, 90.0, 90.0
191.408, 24.83, 47.72, -84.58, 107.5, 0.000, 0.000, 0.0, 90.0, 90.0
191.611, 24.58, 47.67, -84.70, 107.4, 0.000, 0.000, 0.0, 90.0, 90.0
191.819, 24.62, 47.60, -84.69, 107.3, 0.000, 0.000, 0.0, 90.0, 90.0
192.014, 24.62, 47.60, -84.69, 107.3, 0.000, 0.000, 0.0, 90.0, 90.0
192.208, 24.62, 47.60, -84.69, 107.3, 0.000, 0.000, 0.0, 90.0, 90.0
192.412, 24.62, 47.60, -84.69, 107.3, 0.000, 0.000, 0.0, 90.0, 90.0
192.608, 24.62, 47.60, -84.69, 107.3, 0.000, 0.000, 0.0, 90.0, 90.0
192.808, 24.62, 47.60, -84.69, 107.3, 0.000, 0.000, 0.0, 90.0, 90.0
193.008, 24.62, 47.60, -84.69, 107.3, 0.000, 0.000, 0.0, 90.0, 90.0
193.211, 24.68, 47.38, -84.71, 107.3, 0.000, 0.000, 0.0, 90.0, 90.0
193.413, 24.90, 47.37, -84.46, 101.9, 0.000, 0.000, 0.0, 90.0, 90.0
193.608, 24.28, 47.44, -84.57, 91.9, 0.000, 0.000, 0.0, 90.0, 90.0
193.808, 23.48, 47.36, -84.72, 93.6, 0.000, 0.000, 0.0, 90.0, 90.0
194.008, 23.39, 47.52, -84.63, 94.1, 0.000, 0.000, 0.0, 90.0, 90.0
194.210, 23.36, 47.52, -84.67, 94.1, 0.000, 0.000, 0.0, 90.0, 90.0
194.411, 23.37, 47.52, -84.67, 94.1, 0.000, 0.000, 0.0, 90.0, 90.0
194.608, 23.44, 47.45, -84.30, 89.4, 0.000, 0.000, 0.0, 90.0, 90.0
194.816, 23.34, 47.51, -84.14, 82.6, 0.000, 0.000, 0.0, 90.0, 90.0
195.014, 23.18, 47.57, -84.05, 84.0, 0.000, 0.000, 0.0, 90.0, 90.0
195.216, 23.23, 47.54, -84.01, 84.4, 0.000, 0.000, 0.0, 90.0, 90.0
195.417, 23.24, 47.59, -84.00, 84.5, 0.000, 0.000, 0.0, 90.0, 90.0
195.614, 23.27, 47.60, -84.00, 84.5, 0.000, 0.000, 0.0, 90.0, 90.0
195.815, 23.27, 47.60, -84.00, 84.5, 0.000, 0.000, 0.0, 90.0, 90.0
196.015, 23.27, 47.60, -84.00, 84.5, 0.000, 0.000, 0.0, 90.0, 90.0
196.217, 23.22, 47.70, -84.09, 84.5, 0.000, 0.000, 0.0, 90.0, 90.0
196.413, 23.14, 47.80, -84.25, 85.4, 0.000, 0.000, 0.0, 90.0, 90.0
196.608, 22.81, 47.75, -84.65, 88.5, 0.000, 0.000, 0.0, 90.0, 90.0
196.808, 22.79, 47.80, -84.67, 89.7, 0.000, 0.000, 0.0, 90.0, 90.0
197.016, 22.50, 47.86, -84.70, 89.8, 0.000, 0.000, 0.0, 90.0, 90.0
197.213, 21.12, 47.85, -84.96, 89.4, 0.000, 0.000, 0.0, 90.0, 90.0
197.409, 19.36, 47.98, -85.36, 88.5, 0.000, 0.000, 0.0, 90.0, 90.0
197.613, 17.25, 47.71, -86.62, 90.9, 0.000, 0.000, 0.0, 90.0, 90.0
197.811, 14.75, 47.96, -87.35, 99.7, 0.000, 0.000, 0.0, 90.0, 90.0
198.014, 13.25, 47.96, -87.88, 97.5, 0.000, 0.000, 0.0, 90.0, 90.0
198.208, 11.50, 48.10, -88.22, 99.6, 0.000, 0.000, 0.0, 90.0, 90.0
198.410, 9.64, 48.21, -88.65, 102.0, 0.000, 0.000, 0.0, 90.0, 90.0
198.611, 8.04, 48.23, -89.05, 102.4, 0.000, 0.000, 0.0, 90.0, 90.0
198.814, 6.67, 48.40, -89.39, 103.7, 0.000, 0.000, 0.0, 90.0, 90.0
199.009, 5.37, 48.56, -89.66, 106.6, 0.000, 0.000, 0.0, 90.0, 90.0
199.209, 2.82, 48.74, -90.21, 123.6, 0.000, 0.000, 0.0, 90.0, 90.0
199.410, 1.54, 48.92, -89.79, 134.5, 0.000, 0.000, 0.0, 90.0, 90.0
199.615, 0.22, 49.00, -89.52, 135.8, 0.000, 0.000, 0.0, 90.0, 90.0
199.808, -0.28, 48.49, -89.50, 135.1, 0.000, 0.000, 0.0, 90.0, 90.0
200.016, -1.36, 48.56, -89.50, 134.3, 0.000, 0.000, 0.0, 90.0, 90.0
200.215, -2.92, 48.54, -89.31, 134.1, 0.000, 0.000, 0.0, 90.0, 90.0
200.418, -4.70, 48.67, -89.09, 133.5, 0.000, 0.000, 0.0, 90.0, 90.0
200.608, -6.48, 48.52, -88.96, 132.8, 0.000, 0.000, 0.0, 90.0, 90.0
200.816, -8.13, 48.30, -88.89, 132.5, 0.000, 0.000, 0.0, 90.0, 90.0
201.008, -8.48, 48.01, -89.07, 132.5, 0.000, 0.000, 0.0, 90.0, 90.0
201.208, -8.67, 47.71, -89.23, 132.5, 0.000, 0.000, 0.0, 90.0, 90.0
201.408, -8.69, 47.71, -89.26, 132.5, 0.000, 0.000, 0.0, 90.0, 90.0
201.608, -8.69, 47.71, -89.26, 132.5, 0.000, 0.000, 0.0, 90.0, 90.0
201.808, -8.69, 47.71, -89.26, 132.5, 0.000, 0.000, 0.0, 90.0, 90.0
202.008, -8.69, 47.71, -89.26, 132.5, 0.000, 0.000, 0.0, 90.0, 90.0
202.208, -8.69, 47.71, -89.26, 132.5, 0.000, 0.000, 0.0, 90.0, 90.0
202.408, -8.69, 47.71, -89.26, 132.5, 0.000, 0.000, 0.0, 90.0, 90.0
202.608, -8.69, 47.71, -89.26, 132.5, 0.000, 0.000, 0.0, 90.0, 90.0
202.809, -8.69, 47.71, -89.26, 132.5, 0.000, 0.000, 0.0, 90.0, 90.0
203.013, -8.69, 47.71, -89.26, 132.5, 0.000, 0.000, 0.0, 90.0, 90.0
203.216, -8.45, 48.90, -89.17, 132.0, 0.000, 0.000, 0.0, 90.0, 90.0
203.411, -6.87, 48.81, -88.71, 114.1, 0.000, 0.000, 0.0, 90.0, 90.0
203.608, -6.16, 48.86, -88.51, 101.5, 0.000, 0.000, 0.0, 90.0, 90.0
203.815, -6.41, 48.81, -88.41, 103.3, 0.000, 0.000, 0.0, 90.0, 90.0
204.014, -6.41, 48.99, -88.33, 104.4, 0.000, 0.000, 0.0, 90.0, 90.0
204.208, -6.44, 48.90, -88.31, 104.5, 0.000, 0.000, 0.0, 90.0, 90.0
204.408, -6.47, 48.87, -88.31, 104.5, 0.000, 0.000, 0.0, 90.0, 90.0
204.608, -6.47, 48.87, -88.31, 104.5, 0.000, 0.000, 0.0, 90.0, 90.0
204.809, -6.47, 48.87, -88.31, 104.5, 0.000, 0.000, 0.0, 90.0, 90.0
205.011, -6.47, 48.87, -88.31, 104.5, 0.000, 0.000, 0.0, 90.0, 90.0
205.210, -6.47, 48.87, -88.31, 104.5, 0.000, 0.000, 0.0, 90.0, 90.0
205.409, -6.47, 48.87, -88.31, 104.5, 0.000, 0.000, 0.0, 90.0, 90.0
205.609, -6.47, 48.87, -88.31, 104.5, 0.000, 0.000, 0.0, 90.0, 90.0
205.811, -6.47, 48.87, -88.31, 104.5, 0.000, 0.000, 0.0, 90.0, 90.0
206.009, -6.47, 48.87, -88.31, 104.5, 0.000, 0.000, 0.0, 90.0, 90.0
206.208, -6.47, 48.87, -88.31, 104.5, 0.000, 0.000, 0.0, 90.0, 90.0
206.408, -6.47, 48.87, -88.31, 104.5, 0.000, 0.000, 0.0, 90.0, 90.0
206.610, -6.47, 48.87, -88.31, 104.5, 0.000, 0.000, 0.0, 90.0, 90.0
206.808, -6.47, 48.87, -88.31, 104.5, 0.000, 0.000, 0.0, 90.0, 90.0
207.011, -7.10, 48.31, -88.67, 104.9, 0.000, 0.000, 0.0, 90.0, 90.0
207.208, -7.08, 48.32, -88.68, 104.5, 0.000, 0.000, 0.0, 90.0, 90.0
207.408, -7.08, 48.32, -88.68, 104.5, 0.000, 0.000, 0.0, 90.0, 90.0
207.613, -7.08, 48.32, -88.68, 104.5, 0.000, 0.000, 0.0, 90.0, 90.0
207.808, -7.08, 48.32, -88.68, 104.5, 0.000, 0.000, 0.0, 90.0, 90.0
208.008, -7.08, 48.32, -88.68, 104.5, 0.000, 0.000, 0.0, 90.0, 90.0
208.214, -7.08, 48.32, -88.68, 104.5, 0.000, 0.000, 0.0, 90.0, 90.0
208.410, -7.08, 48.32, -88.68, 104.5, 0.000, 0.000, 0.0, 90.0, 90.0
208.615, -7.08, 48.32, -88.68, 104.5, 0.000, 0.000, 0.0, 90.0, 90.0
208.810, -7.08, 48.32, -88.68, 104.5, 0.000, 0.000, 0.0, 90.0, 90.0
209.014, -7.08, 48.32, -88.68, 104.5, 0.000, 0.000, 0.0, 90.0, 90.0
209.210, -7.08, 48.32, -88.68, 104.5, 0.000, 0.000, 0.0, 90.0, 90.0
209.408, -6.79, 49.81, -88.31, 104.5, 0.000, 0.000, 0.0, 90.0, 90.0
209.608, -6.96, 48.70, -88.43, 104.5, 0.000, 0.000, 0.0, 90.0, 90.0
209.808, -7.04, 48.70, -88.47, 104.6, 0.000, 0.000, 0.0, 90.0, 90.0
210.008, -7.04, 48.70, -88.47, 104.6, 0.000, 0.000, 0.0, 90.0, 90.0
210.208, -7.04, 48.70, -88.47, 104.6, 0.000, 0.000, 0.0, 90.0, 90.0
210.408, -7.04, 48.70, -88.47, 104.6, 0.000, 0.000, 0.0, 90.0, 90.0
210.608, -7.04, 48.70, -88.47, 104.6, 0.000, 0.000, 0.0, 90.0, 90.0
210.809, -7.04, 48.70, -88.47, 104.6, 0.000, 0.000, 0.0, 90.0, 90.0
211.009, -7.04, 48.70, -88.47, 104.6, 0.000, 0.000, 0.0, 90.0, 90.0
211.210, -7.04, 48.70, -88.47, 104.6, 0.000, 0.000, 0.0, 90.0, 90.0
211.413, -7.04, 48.70, -88.47, 104.6, 0.000, 0.000, 0.0, 90.0, 90.0
211.611, -6.93, 49.04, -88.49, 104.6, 0.000, 0.000, 0.0, 90.0, 90.0
211.808, -6.78, 49.04, -88.47, 104.3, 0.000, 0.000, 0.0, 90.0, 90.0
212.008, -6.71, 49.04, -88.45, 104.2, 0.000, 0.000, 0.0, 90.0, 90.0
212.208, -6.67, 49.02, -88.44, 104.2, 0.000, 0.000, 0.0, 90.0, 90.0
212.416, -6.67, 49.02, -88.44, 104.2, 0.000, 0.000, 0.0, 90.0, 90.0
212.608, -6.67, 49.02, -88.44, 104.2, 0.000, 0.000, 0.0, 90.0, 90.0
212.808, -5.76, 48.87, -87.99, 96.1, 0.000, 0.000, 0.0, 90.0, 90.0
213.008, -5.97, 49.04, -88.07, 96.4, 0.000, 0.000, 0.0, 90.0, 90.0
213.214, -6.07, 49.01, -88.09, 98.2, 0.000, 0.000, 0.0, 90.0, 90.0
213.414, -6.13, 48.95, -88.06, 98.2, 0.000, 0.000, 0.0, 90.0, 90.0
213.611, -6.11, 48.95, -88.07, 98.2, 0.000, 0.000, 0.0, 90.0, 90.0
213.813, -6.11, 48.95, -88.07, 98.1, 0.000, 0.000, 0.0, 90.0, 90.0
214.014, -6.11, 48.95, -88.07, 98.1, 0.000, 0.000, 0.0, 90.0, 90.0
214.217, -6.11, 48.95, -88.07, 98.1, 0.000, 0.000, 0.0, 90.0, 90.0
214.410, -6.11, 48.95, -88.07, 98.1, 0.000, 0.000, 0.0, 90.0, 90.0
214.612, -6.11, 48.95, -88.07, 98.1, 0.000, 0.000, 0.0, 90.0, 90.0
214.811, -6.11, 48.95, -88.07, 98.1, 0.000, 0.000, 0.0, 90.0, 90.0
215.012, -6.11, 48.95, -88.07, 98.1, 0.000, 0.000, 0.0, 90.0, 90.0
215.219, -6.12, 48.93, -88.10, 98.3, 0.000, 0.000, 0.0, 90.0, 90.0
215.413, -6.18, 48.91, -88.30, 100.7, 0.000, 0.000, 0.0, 90.0, 90.0
215.608, -6.31, 48.91, -88.56, 104.8, 0.000, 0.000, 0.0, 90.0, 90.0
215.808, -6.50, 48.92, -88.87, 111.7, 0.000, 0.000, 0.0, 90.0, 90.0
216.011, -6.59, 48.92, -88.99, 115.9, 0.000, 0.000, 0.0, 90.0, 90.0
216.209, -6.60, 48.92, -89.00, 116.5, 0.000, 0.000, 0.0, 90.0, 90.0
216.414, -6.73, 48.92, -89.13, 119.8, 0.000, 0.000, 0.0, 90.0, 90.0
216.609, -9.19, 47.56, -89.10, 124.7, 0.000, 0.000, 0.0, 90.0, 90.0
216.810, -9.36, 47.43, -89.09, 124.6, 0.000, 0.000, 0.0, 90.0, 90.0
217.008, -9.31, 47.62, -89.01, 124.6, 0.000, 0.000, 0.0, 90.0, 90.0
217.215, -9.15, 48.04, -88.90, 123.5, 0.000, 0.000, 0.0, 90.0, 90.0
217.408, -9.03, 47.90, -88.89, 124.5, 0.000, 0.000, 0.0, 90.0, 90.0
217.608, -9.26, 47.64, -88.95, 123.4, 0.000, 0.000, 0.0, 90.0, 90.0
217.810, -9.25, 47.65, -88.93, 122.5, 0.000, 0.000, 0.0, 90.0, 90.0
218.008, -9.23, 47.68, -88.90, 122.0, 0.000, 0.000, 0.0, 90.0, 90.0
218.208, -12.41, 48.13, -86.41, 121.2, 0.000, 0.000, 0.0, 90.0, 90.0
218.415, -13.00, 48.99, -85.44, 121.8, 0.000, 0.000, 0.0, 90.0, 90.0
218.610, -14.75, 48.78, -84.07, 123.0, 0.000, 0.000, 0.0, 90.0, 90.0
218.808, -15.58, 48.02, -83.87, 122.9, 0.000, 0.000, 0.0, 90.0, 90.0
219.012, -17.01, 47.28, -83.19, 122.6, 0.000, 0.000, 0.0, 90.0, 90.0
219.214, -16.63, 46.46, -83.27, 121.4, 0.000, 0.000, 0.0, 90.0, 90.0
219.414, -19.28, 47.77, -81.49, 119.9, 0.000, 0.000, 0.0, 90.0, 90.0
219.608, -22.94, 47.94, -79.28, 133.0, 0.000, 0.000, 0.0, 90.0, 90.0
219.815, -24.86, 47.63, -78.06, 142.4, 0.000, 0.000, 0.0, 90.0, 90.0
220.012, -25.43, 47.85, -77.29, 138.7, 0.000, 0.000, 0.0, 90.0, 90.0
220.216, -26.72, 47.53, -76.59, 141.4, 0.000, 0.000, 0.0, 90.0, 90.0
220.410, -27.99, 47.47, -75.77, 142.0, 0.000, 0.000, 0.0, 90.0, 90.0
220.615, -29.79, 47.24, -74.59, 142.0, 0.000, 0.000, 0.0, 90.0, 90.0
220.813, -31.44, 47.24, -73.42, 142.2, 0.000, 0.000, 0.0, 90.0, 90.0
221.012, -33.14, 47.23, -72.32, 142.0, 0.000, 0.000, 0.0, 90.0, 90.0
221.208, -34.67, 47.08, -71.21, 141.4, 0.000, 0.000, 0.0, 90.0, 90.0
221.410, -36.55, 47.26, -69.93, 140.4, 0.000, 0.000, 0.0, 90.0, 90.0
221.612, -38.28, 47.21, -68.76, 140.0, 0.000, 0.000, 0.0, 90.0, 90.0
221.817, -40.08, 47.36, -67.63, 140.0, 0.000, 0.000, 0.0, 90.0, 90.0
222.014, -41.51, 47.56, -66.68, 139.8, 0.000, 0.000, 0.0, 90.0, 90.0
222.215, -43.44, 47.65, -65.36, 139.8, 0.000, 0.000, 0.0, 90.0, 90.0
222.408, -45.12, 47.89, -64.17, 140.0, 0.000, 0.000, 0.0, 90.0, 90.0
222.609, -46.91, 47.94, -62.94, 139.8, 0.000, 0.000, 0.0, 90.0, 90.0
222.808, -48.56, 47.98, -61.85, 139.1, 0.000, 0.000, 0.0, 90.0, 90.0
223.016, -50.33, 48.08, -60.61, 138.4, 0.000, 0.000, 0.0, 90.0, 90.0
223.209, -51.97, 47.97, -59.56, 138.3, 0.000, 0.000, 0.0, 90.0, 90.0
223.410, -53.65, 48.22, -58.50, 138.0, 0.000, 0.000, 0.0, 90.0, 90.0
223.616, -54.47, 48.29, -57.97, 137.5, 0.000, 0.000, 0.0, 90.0, 90.0
223.808, -54.74, 48.12, -57.83, 137.4, 0.000, 0.000, 0.0, 90.0, 90.0
224.014, -54.97, 47.83, -57.86, 137.4, 0.000, 0.000, 0.0, 90.0, 90.0
224.210, -55.00, 47.80, -57.87, 137.4, 0.000, 0.000, 0.0, 90.0, 90.0
224.415, -55.03, 47.77, -57.87, 137.4, 0.000, 0.000, 0.0, 90.0, 90.0
224.618, -55.24, 47.80, -57.80, 139.6, 0.000, 0.000, 0.0, 90.0, 90.0
224.814, -55.69, 47.85, -57.57, 147.4, 0.000, 0.000, 0.0, 90.0, 90.0
225.008, -56.07, 47.99, -57.15, 158.1, 0.000, 0.000, 0.0, 90.0, 90.0
225.216, -56.50, 48.06, -56.99, 171.0, 0.000, 0.000, 0.0, 90.0, 90.0
225.408, -56.56, 48.02, -56.99, 176.5, 0.000, 0.000, 0.0, 90.0, 90.0
225.609, -56.54, 48.03, -56.97, 176.7, 0.000, 0.000, 0.0, 90.0, 90.0
225.810, -56.51, 48.06, -56.95, 176.8, 0.000, 0.000, 0.0, 90.0, 90.0
226.011, -56.58, 48.09, -56.86, 176.8, 0.000, 0.000, 0.0, 90.0, 90.0
226.215, -57.21, 48.22, -55.92, 176.4, 0.000, 0.000, 0.0, 90.0, 90.0
226.408, -58.04, 48.22, -54.70, 174.9, 0.000, 0.000, 0.0, 90.0, 90.0
226.630, -59.18, 48.37, -53.11, 175.1, 0.000, 0.000, 0.0, 90.0, 90.0
226.811, -60.26, 48.36, -51.65, 174.3, 0.000, 0.000, 0.0, 90.0, 90.0
227.015, -62.39, 48.53, -49.41, 252.5, 0.000, 0.000, 0.0, 90.0, 90.0
227.208, -63.63, 48.50, -47.72, 212.1, 0.000, 0.000, 0.0, 90.0, 90.0
227.417, -64.33, 48.66, -46.64, 208.0, 0.000, 0.000, 0.0, 90.0, 90.0
227.610, -64.43, 48.56, -46.48, 207.4, 0.000, 0.000, 0.0, 90.0, 90.0
227.811, -64.53, 48.46, -46.51, 207.3, 0.000, 0.000, 0.0, 90.0, 90.0
228.017, -64.53, 48.46, -46.51, 207.3, 0.000, 0.000, 0.0, 90.0, 90.0
228.208, -64.53, 48.46, -46.51, 207.3, 0.000, 0.000, 0.0, 90.0, 90.0
228.413, -64.77, 48.26, -46.38, 207.2, 0.000, 0.000, 0.0, 90.0, 90.0
228.611, -65.47, 48.30, -45.50, 206.9, 0.000, 0.000, 0.0, 90.0, 90.0
228.815, -66.41, 48.23, -44.19, 206.7, 0.000, 0.000, 0.0, 90.0, 90.0
229.011, -67.49, 48.37, -42.75, 206.7, 0.000, 0.000, 0.0, 90.0, 90.0
229.210, -68.13, 48.51, -41.88, 206.8, 0.000, 0.000, 0.0, 90.0, 90.0
229.409, -68.10, 48.47, -41.92, 207.1, 0.000, 0.000, 0.0, 90.0, 90.0
229.615, -68.18, 48.45, -41.84, 207.1, 0.000, 0.000, 0.0, 90.0, 90.0
229.816, -68.19, 48.45, -41.84, 207.1, 0.000, 0.000, 0.0, 90.0, 90.0
230.014, -68.32, 48.44, -41.81, 210.4, 0.000, 0.000, 0.0, 90.0, 90.0
230.216, -68.64, 48.45, -41.69, 220.2, 0.000, 0.000, 0.0, 90.0, 90.0
230.419, -68.94, 48.45, -41.53, 228.9, 0.000, 0.000, 0.0, 90.0, 90.0
230.614, -69.23, 48.47, -41.31, 236.9, 0.000, 0.000, 0.0, 90.0, 90.0
230.809, -69.47, 48.47, -41.07, 243.8, 0.000, 0.000, 0.0, 90.0, 90.0
231.015, -69.60, 48.48, -40.91, 248.2, 0.000, 0.000, 0.0, 90.0, 90.0
231.214, -69.60, 48.48, -40.91, 248.7, 0.000, 0.000, 0.0, 90.0, 90.0
231.412, -70.83, 46.30, -39.74, 248.8, 0.000, 0.000, 0.0, 90.0, 90.0
231.609, -70.39, 46.31, -39.72, 249.1, 0.000, 0.000, 0.0, 90.0, 90.0
231.812, -70.38, 46.31, -39.72, 249.1, 0.000, 0.000, 0.0, 90.0, 90.0
232.008, -70.38, 46.31, -39.72, 249.1, 0.000, 0.000, 0.0, 90.0, 90.0
232.210, -70.38, 46.31, -39.72, 249.1, 0.000, 0.000, 0.0, 90.0, 90.0
232.408, -70.38, 46.31, -39.72, 249.1, 0.000, 0.000, 0.0, 90.0, 90.0
232.609, -70.38, 46.31, -39.72, 249.1, 0.000, 0.000, 0.0, 90.0, 90.0
232.813, -70.38, 46.31, -39.72, 249.1, 0.000, 0.000, 0.0, 90.0, 90.0
233.008, -70.38, 46.31, -39.72, 249.1, 0.000, 0.000, 0.0, 90.0, 90.0
233.214, -70.38, 46.31, -39.72, 249.1, 0.000, 0.000, 0.0, 90.0, 90.0
233.416, -70.38, 46.31, -39.72, 249.1, 0.000, 0.000, 0.0, 90.0, 90.0
233.608, -70.38, 46.31, -39.72, 249.1, 0.000, 0.000, 0.0, 90.0, 90.0
233.812, -70.38, 46.31, -39.72, 249.1, 0.000, 0.000, 0.0, 90.0, 90.0
234.014, -69.89, 46.94, -40.11, 246.9, 0.000, 0.000, 0.0, 90.0, 90.0
234.208, -69.18, 46.91, -41.81, 228.6, 0.000, 0.000, 0.0, 90.0, 90.0
234.411, -68.74, 46.95, -42.68, 199.1, 0.000, 0.000, 0.0, 90.0, 90.0
234.610, -68.61, 47.11, -42.48, 203.3, 0.000, 0.000, 0.0, 90.0, 90.0
234.809, -68.51, 47.14, -42.49, 205.4, 0.000, 0.000, 0.0, 90.0, 90.0
235.008, -68.59, 47.10, -42.47, 205.6, 0.000, 0.000, 0.0, 90.0, 90.0
235.208, -68.60, 47.09, -42.46, 205.7, 0.000, 0.000, 0.0, 90.0, 90.0
235.410, -68.60, 47.09, -42.46, 205.7, 0.000, 0.000, 0.0, 90.0, 90.0
235.616, -68.60, 47.09, -42.46, 205.7, 0.000, 0.000, 0.0, 90.0, 90.0
235.814, -68.60, 47.09, -42.46, 205.7, 0.000, 0.000, 0.0, 90.0, 90.0
236.015, -68.60, 47.09, -42.46, 205.7, 0.000, 0.000, 0.0, 90.0, 90.0
236.209, -68.60, 47.09, -42.46, 205.7, 0.000, 0.000, 0.0, 90.0, 90.0
236.412, -68.60, 47.09, -42.46, 205.7, 0.000, 0.000, 0.0, 90.0, 90.0
236.613, -68.60, 47.09, -42.46, 205.7, 0.000, 0.000, 0.0, 90.0, 90.0
236.810, -68.60, 47.09, -42.46, 205.7, 0.000, 0.000, 0.0, 90.0, 90.0
237.011, -68.60, 47.09, -42.46, 205.7, 0.000, 0.000, 0.0, 90.0, 90.0
237.212, -68.60, 47.09, -42.46, 205.7, 0.000, 0.000, 0.0, 90.0, 90.0
237.414, -68.60, 47.09, -42.46, 205.7, 0.000, 0.000, 0.0, 90.0, 90.0
237.615, -68.60, 47.09, -42.46, 205.7, 0.000, 0.000, 0.0, 90.0, 90.0
237.808, -68.60, 47.09, -42.46, 205.7, 0.000, 0.000, 0.0, 90.0, 90.0
238.011, -67.58, 48.93, -42.10, 204.4, 0.000, 0.000, 0.0, 90.0, 90.0
238.211, -67.51, 48.99, -42.09, 202.7, 0.000, 0.000, 0.0, 90.0, 90.0
238.409, -67.48, 48.99, -42.07, 201.4, 0.000, 0.000, 0.0, 90.0, 90.0
238.609, -67.47, 49.01, -42.07, 200.8, 0.000, 0.000, 0.0, 90.0, 90.0
238.811, -67.47, 49.01, -42.07, 200.8, 0.000, 0.000, 0.0, 90.0, 90.0
239.009, -67.47, 49.01, -42.07, 200.8, 0.000, 0.000, 0.0, 90.0, 90.0
239.208, -67.47, 49.01, -42.07, 200.9, 0.000, 0.000, 0.0, 90.0, 90.0
239.414, -67.47, 49.01, -42.07, 200.9, 0.000, 0.000, 0.0, 90.0, 90.0
239.614, -67.47, 49.01, -42.07, 200.9, 0.000, 0.000, 0.0, 90.0, 90.0
239.808, -67.85, 45.63, -40.46, 201.1, 0.000, 0.000, 0.0, 90.0, 90.0
240.014, -68.09, 47.05, -36.06, 201.3, 0.000, 0.000, 0.0, 90.0, 90.0
240.216, -68.06, 47.05, -35.99, 201.4, 0.000, 0.000, 0.0, 90.0, 90.0
240.410, -68.06, 47.05, -35.99, 201.4, 0.000, 0.000, 0.0, 90.0, 90.0
240.612, -68.06, 47.05, -35.99, 201.4, 0.000, 0.000, 0.0, 90.0, 90.0
240.815, -68.06, 47.05, -35.99, 201.4, 0.000, 0.000, 0.0, 90.0, 90.0
241.013, -67.46, 47.87, -35.70, 201.8, 0.000, 0.000, 0.0, 90.0, 90.0
241.211, -67.28, 48.03, -34.57, 201.5, 0.000, 0.000, 0.0, 90.0, 90.0
241.411, -67.07, 48.27, -33.06, 201.3, 0.000, 0.000, 0.0, 90.0, 90.0
241.617, -66.79, 48.47, -31.10, 201.1, 0.000, 0.000, 0.0, 90.0, 90.0
241.811, -66.48, 48.73, -29.16, 200.9, 0.000, 0.000, 0.0, 90.0, 90.0
242.008, -66.12, 49.03, -27.35, 200.3, 0.000, 0.000, 0.0, 90.0, 90.0
242.212, -65.79, 49.37, -24.99, 199.8, 0.000, 0.000, 0.0, 90.0, 90.0
242.408, -65.58, 49.45, -23.00, 199.0, 0.000, 0.000, 0.0, 90.0, 90.0
242.614, -65.47, 49.69, -20.79, 198.3, 0.000, 0.000, 0.0, 90.0, 90.0
242.813, -65.48, 49.44, -18.95, 197.9, 0.000, 0.000, 0.0, 90.0, 90.0
243.014, -65.43, 49.49, -16.65, 196.7, 0.000, 0.000, 0.0, 90.0, 90.0
243.209, -65.22, 49.57, -14.61, 196.2, 0.000, 0.000, 0.0, 90.0, 90.0
243.416, -65.93, 49.72, -11.79, 211.5, 0.000, 0.000, 0.0, 90.0, 90.0
243.608, -66.36, 49.35, -8.31, 234.0, 0.000, 0.000, 0.0, 90.0, 90.0
243.819, -66.48, 49.40, -5.58, 244.3, 0.000, 0.000, 0.0, 90.0, 90.0
244.014, -66.38, 49.56, -4.30, 245.4, 0.000, 0.000, 0.0, 90.0, 90.0
244.214, -66.36, 49.12, -3.81, 245.6, 0.000, 0.000, 0.0, 90.0, 90.0
244.416, -66.47, 48.69, -3.59, 245.6, 0.000, 0.000, 0.0, 90.0, 90.0
244.610, -66.47, 48.69, -3.56, 245.6, 0.000, 0.000, 0.0, 90.0, 90.0
244.815, -66.47, 48.69, -3.56, 245.6, 0.000, 0.000, 0.0, 90.0, 90.0
245.014, -66.47, 48.69, -3.56, 245.6, 0.000, 0.000, 0.0, 90.0, 90.0
245.210, -66.47, 48.69, -3.56, 245.6, 0.000, 0.000, 0.0, 90.0, 90.0
245.417, -66.47, 48.69, -3.56, 245.6, 0.000, 0.000, 0.0, 90.0, 90.0
245.612, -66.47, 48.69, -3.56, 245.6, 0.000, 0.000, 0.0, 90.0, 90.0
245.810, -66.47, 48.69, -3.56, 245.6, 0.000, 0.000, 0.0, 90.0, 90.0
246.013, -66.47, 48.69, -3.56, 245.6, 0.000, 0.000, 0.0, 90.0, 90.0
246.213, -66.47, 48.69, -3.56, 245.6, 0.000, 0.000, 0.0, 90.0, 90.0
246.413, -66.48, 48.76, -3.78, 244.9, 0.000, 0.000, 0.0, 90.0, 90.0
246.614, -65.65, 48.70, -5.62, 222.4, 0.000, 0.000, 0.0, 90.0, 90.0
246.808, -65.09, 48.75, -6.53, 209.4, 0.000, 0.000, 0.0, 90.0, 90.0
247.012, -65.05, 48.78, -6.40, 193.8, 0.000, 0.000, 0.0, 90.0, 90.0
247.208, -65.00, 48.76, -6.34, 194.8, 0.000, 0.000, 0.0, 90.0, 90.0
247.408, -64.98, 48.76, -6.32, 195.3, 0.000, 0.000, 0.0, 90.0, 90.0
247.611, -64.97, 48.74, -6.31, 195.4, 0.000, 0.000, 0.0, 90.0, 90.0
247.810, -64.97, 48.74, -6.31, 195.4, 0.000, 0.000, 0.0, 90.0, 90.0
248.009, -64.97, 48.74, -6.31, 195.4, 0.000, 0.000, 0.0, 90.0, 90.0
248.215, -64.97, 48.74, -6.31, 195.4, 0.000, 0.000, 0.0, 90.0, 90.0
248.408, -64.97, 48.74, -6.31, 195.4, 0.000, 0.000, 0.0, 90.0, 90.0
248.611, -64.97, 48.74, -6.31, 195.4, 0.000, 0.000, 0.0, 90.0, 90.0
248.813, -64.97, 48.74, -6.31, 195.4, 0.000, 0.000, 0.0, 90.0, 90.0
249.009, -64.97, 48.74, -6.31, 195.4, 0.000, 0.000, 0.0, 90.0, 90.0
249.211, -64.97, 48.74, -6.31, 195.4, 0.000, 0.000, 0.0, 90.0, 90.0
249.416, -64.97, 48.74, -6.31, 195.4, 0.000, 0.000, 0.0, 90.0, 90.0
249.614, -64.97, 48.74, -6.31, 195.4, 0.000, 0.000, 0.0, 90.0, 90.0
249.816, -64.97, 48.74, -6.31, 195.4, 0.000, 0.000, 0.0, 90.0, 90.0
250.008, -64.97, 48.74, -6.31, 195.4, 0.000, 0.000, 0.0, 90.0, 90.0
250.208, -64.97, 48.74, -6.31, 195.4, 0.000, 0.000, 0.0, 90.0, 90.0
250.410, -65.06, 48.86, -6.23, 195.4, 0.000, 0.000, 0.0, 90.0, 90.0
250.608, -64.98, 48.90, -5.07, 194.9, 0.000, 0.000, 0.0, 90.0, 90.0
250.815, -64.87, 48.99, -3.53, 195.1, 0.000, 0.000, 0.0, 90.0, 90.0
251.016, -64.74, 49.09, -1.65, 194.5, 0.000, 0.000, 0.0, 90.0, 90.0
251.215, -64.65, 49.11, 0.35, 194.1, 0.000, 0.000, 0.0, 90.0, 90.0
251.409, -64.50, 49.16, 2.15, 194.2, 0.000, 0.000, 0.0, 90.0, 90.0
251.617, -64.36, 49.23, 4.46, 193.7, 0.000, 0.000, 0.0, 90.0, 90.0
251.810, -64.29, 49.28, 6.55, 192.8, 0.000, 0.000, 0.0, 90.0, 90.0
252.011, -64.15, 49.10, 8.61, 192.2, 0.000, 0.000, 0.0, 90.0, 90.0
252.212, -64.10, 49.17, 10.65, 191.8, 0.000, 0.000, 0.0, 90.0, 90.0
252.409, -64.01, 49.27, 12.70, 191.7, 0.000, 0.000, 0.0, 90.0, 90.0
252.612, -63.95, 49.44, 14.65, 192.2, 0.000, 0.000, 0.0, 90.0, 90.0
252.810, -64.02, 49.37, 16.46, 195.7, 0.000, 0.000, 0.0, 90.0, 90.0
253.014, -64.05, 49.40, 18.66, 197.3, 0.000, 0.000, 0.0, 90.0, 90.0
253.215, -64.07, 49.27, 20.78, 195.4, 0.000, 0.000, 0.0, 90.0, 90.0
253.414, -64.14, 49.09, 23.05, 195.1, 0.000, 0.000, 0.0, 90.0, 90.0
253.614, -64.09, 48.99, 25.02, 194.4, 0.000, 0.000, 0.0, 90.0, 90.0
253.810, -64.14, 49.10, 27.08, 193.8, 0.000, 0.000, 0.0, 90.0, 90.0
254.018, -63.82, 48.91, 29.14, 193.2, 0.000, 0.000, 0.0, 90.0, 90.0
254.212, -63.28, 48.97, 30.20, 189.1, 0.000, 0.000, 0.0, 90.0, 90.0
254.414, -63.23, 49.03, 30.25, 187.8, 0.000, 0.000, 0.0, 90.0, 90.0
254.609, -63.24, 49.01, 30.25, 187.7, 0.000, 0.000, 0.0, 90.0, 90.0
254.808, -63.24, 49.01, 30.26, 188.1, 0.000, 0.000, 0.0, 90.0, 90.0
255.015, -63.59, 49.04, 29.72, 194.0, 0.000, 0.000, 0.0, 90.0, 90.0
255.215, -63.97, 49.00, 29.26, 198.2, 0.000, 0.000, 0.0, 90.0, 90.0
255.411, -64.39, 49.00, 28.74, 200.5, 0.000, 0.000, 0.0, 90.0, 90.0
255.608, -64.67, 49.00, 28.31, 201.7, 0.000, 0.000, 0.0, 90.0, 90.0
255.811, -64.92, 48.82, 28.10, 202.9, 0.000, 0.000, 0.0, 90.0, 90.0
256.010, -65.01, 48.53, 28.20, 203.3, 0.000, 0.000, 0.0, 90.0, 90.0
256.212, -65.03, 48.53, 28.21, 203.3, 0.000, 0.000, 0.0, 90.0, 90.0
256.408, -65.03, 48.53, 28.21, 203.3, 0.000, 0.000, 0.0, 90.0, 90.0
256.608, -65.03, 48.53, 28.21, 203.3, 0.000, 0.000, 0.0, 90.0, 90.0
256.808, -65.03, 48.53, 28.21, 203.3, 0.000, 0.000, 0.0, 90.0, 90.0
257.012, -65.03, 48.53, 28.21, 203.3, 0.000, 0.000, 0.0, 90.0, 90.0
257.214, -65.03, 48.53, 28.21, 203.3, 0.000, 0.000, 0.0, 90.0, 90.0
257.431, -65.03, 48.53, 28.21, 203.3, 0.000, 0.000, 0.0, 90.0, 90.0
257.611, -65.03, 48.53, 28.21, 203.3, 0.000, 0.000, 0.0, 90.0, 90.0
257.808, -65.03, 48.53, 28.21, 203.3, 0.000, 0.000, 0.0, 90.0, 90.0
258.016, -65.03, 48.53, 28.21, 203.3, 0.000, 0.000, 0.0, 90.0, 90.0
258.208, -65.03, 48.53, 28.21, 203.3, 0.000, 0.000, 0.0, 90.0, 90.0
258.414, -65.03, 48.53, 28.21, 203.3, 0.000, 0.000, 0.0, 90.0, 90.0
258.611, -65.03, 48.53, 28.21, 203.3, 0.000, 0.000, 0.0, 90.0, 90.0
258.812, -65.03, 48.53, 28.21, 203.3, 0.000, 0.000, 0.0, 90.0, 90.0
259.013, -65.03, 48.53, 28.21, 203.3, 0.000, 0.000, 0.0, 90.0, 90.0
259.217, -65.03, 48.53, 28.21, 203.3, 0.000, 0.000, 0.0, 90.0, 90.0
259.417, -65.03, 48.53, 28.21, 203.3, 0.000, 0.000, 0.0, 90.0, 90.0
259.609, -65.03, 48.53, 28.21, 203.3, 0.000, 0.000, 0.0, 90.0, 90.0
259.818, -65.03, 48.53, 28.21, 203.3, 0.000, 0.000, 0.0, 90.0, 90.0
260.013, -65.03, 48.53, 28.21, 203.3, 0.000, 0.000, 0.0, 90.0, 90.0
260.211, -65.03, 48.53, 28.21, 203.3, 0.000, 0.000, 0.0, 90.0, 90.0
260.413, -65.03, 48.53, 28.21, 203.3, 0.000, 0.000, 0.0, 90.0, 90.0
260.618, -65.03, 48.53, 28.21, 203.3, 0.000, 0.000, 0.0, 90.0, 90.0
260.808, -65.09, 48.77, 28.14, 203.4, 0.000, 0.000, 0.0, 90.0, 90.0
261.015, -65.15, 48.81, 28.06, 203.5, 0.000, 0.000, 0.0, 90.0, 90.0
261.216, -65.14, 48.82, 28.05, 203.6, 0.000, 0.000, 0.0, 90.0, 90.0
261.412, -65.14, 48.82, 28.05, 203.6, 0.000, 0.000, 0.0, 90.0, 90.0
261.611, -65.11, 48.89, 27.98, 203.6, 0.000, 0.000, 0.0, 90.0, 90.0
261.808, -65.10, 48.86, 27.96, 203.6, 0.000, 0.000, 0.0, 90.0, 90.0
262.012, -65.10, 48.88, 27.97, 203.7, 0.000, 0.000, 0.0, 90.0, 90.0
262.209, -65.09, 48.93, 27.96, 203.3, 0.000, 0.000, 0.0, 90.0, 90.0
262.415, -65.09, 48.91, 27.92, 203.0, 0.000, 0.000, 0.0, 90.0, 90.0
262.609, -65.08, 48.90, 27.91, 202.9, 0.000, 0.000, 0.0, 90.0, 90.0
262.808, -65.08, 48.90, 27.91, 202.9, 0.000, 0.000, 0.0, 90.0, 90.0
263.014, -65.08, 48.90, 27.91, 202.9, 0.000, 0.000, 0.0, 90.0, 90.0
263.217, -65.08, 48.90, 27.91, 202.9, 0.000, 0.000, 0.0, 90.0, 90.0
263.414, -65.08, 48.90, 27.91, 202.9, 0.000, 0.000, 0.0, 90.0, 90.0
263.608, -65.08, 48.90, 27.91, 202.9, 0.000, 0.000, 0.0, 90.0, 90.0
263.808, -65.08, 48.90, 27.91, 202.9, 0.000, 0.000, 0.0, 90.0, 90.0
264.010, -65.08, 48.90, 27.91, 202.9, 0.000, 0.000, 0.0, 90.0, 90.0
264.208, -65.08, 48.90, 27.91, 202.9, 0.000, 0.000, 0.0, 90.0, 90.0
264.408, -65.08, 48.90, 27.91, 202.9, 0.000, 0.000, 0.0, 90.0, 90.0
264.608, -65.08, 48.90, 27.91, 202.9, 0.000, 0.000, 0.0, 90.0, 90.0
264.808, -65.08, 48.90, 27.91, 202.9, 0.000, 0.000, 0.0, 90.0, 90.0
265.011, -65.08, 48.90, 27.91, 202.9, 0.000, 0.000, 0.0, 90.0, 90.0
265.208, -64.68, 50.59, 27.78, 203.4, 0.000, 0.000, 0.0, 90.0, 90.0
265.408, -64.64, 50.59, 27.77, 203.6, 0.000, 0.000, 0.0, 90.0, 90.0
265.608, -64.64, 50.59, 27.77, 203.6, 0.000, 0.000, 0.0, 90.0, 90.0
265.808, -64.64, 50.59, 27.77, 203.6, 0.000, 0.000, 0.0, 90.0, 90.0
266.008, -64.64, 50.59, 27.77, 203.6, 0.000, 0.000, 0.0, 90.0, 90.0
266.208, -64.64, 50.59, 27.77, 203.6, 0.000, 0.000, 0.0, 90.0, 90.0
266.408, -64.94, 47.87, 27.69, 202.3, 0.000, 0.000, 0.0, 90.0, 90.0
266.608, -64.69, 50.12, 27.95, 202.7, 0.000, 0.000, 0.0, 90.0, 90.0
266.813, -64.06, 50.25, 27.15, 202.5, 0.000, 0.000, 0.0, 90.0, 90.0
267.011, -63.98, 50.51, 26.97, 200.0, 0.000, 0.000, 0.0, 90.0, 90.0
267.212, -63.83, 50.84, 26.65, 205.6, 0.000, 0.000, 0.0, 90.0, 90.0
267.413, -63.88, 50.68, 27.29, 211.5, 0.000, 0.000, 0.0, 90.0, 90.0
267.613, -64.02, 50.82, 28.05, 213.3, 0.000, 0.000, 0.0, 90.0, 90.0
267.813, -63.94, 50.57, 28.29, 214.6, 0.000, 0.000, 0.0, 90.0, 90.0
268.013, -63.72, 50.57, 28.22, 212.2, 0.000, 0.000, 0.0, 90.0, 90.0
268.213, -63.88, 50.46, 28.11, 211.4, 0.000, 0.000, 0.0, 90.0, 90.0
268.414, -64.09, 50.37, 27.94, 211.3, 0.000, 0.000, 0.0, 90.0, 90.0
268.613, -64.21, 50.36, 27.78, 211.3, 0.000, 0.000, 0.0, 90.0, 90.0
268.814, -64.23, 50.36, 27.76, 211.3, 0.000, 0.000, 0.0, 90.0, 90.0
269.014, -64.23, 50.36, 27.76, 211.3, 0.000, 0.000, 0.0, 90.0, 90.0
269.215, -64.23, 50.36, 27.76, 211.3, 0.000, 0.000, 0.0, 90.0, 90.0
269.408, -64.23, 50.36, 27.76, 211.3, 0.000, 0.000, 0.0, 90.0, 90.0
269.608, -64.23, 50.36, 27.76, 211.3, 0.000, 0.000, 0.0, 90.0, 90.0
269.814, -64.23, 50.36, 27.76, 211.3, 0.000, 0.000, 0.0, 90.0, 90.0
270.014, -64.23, 50.36, 27.76, 211.3, 0.000, 0.000, 0.0, 90.0, 90.0
270.214, -64.23, 50.36, 27.76, 211.3, 0.000, 0.000, 0.0, 90.0, 90.0
270.415, -64.23, 50.36, 27.76, 211.3, 0.000, 0.000, 0.0, 90.0, 90.0
270.614, -64.23, 50.36, 27.76, 211.3, 0.000, 0.000, 0.0, 90.0, 90.0
270.814, -64.23, 50.36, 27.76, 211.3, 0.000, 0.000, 0.0, 90.0, 90.0
271.011, -64.23, 50.36, 27.76, 211.3, 0.000, 0.000, 0.0, 90.0, 90.0
271.209, -64.23, 50.36, 27.76, 211.3, 0.000, 0.000, 0.0, 90.0, 90.0
271.416, -64.23, 50.36, 27.76, 211.3, 0.000, 0.000, 0.0, 90.0, 90.0
271.616, -64.23, 50.36, 27.76, 211.3, 0.000, 0.000, 0.0, 90.0, 90.0
271.822, -64.23, 50.36, 27.76, 211.3, 0.000, 0.000, 0.0, 90.0, 90.0
272.013, -64.50, 47.89, 27.81, 210.7, 0.000, 0.000, 0.0, 90.0, 90.0
272.213, -64.75, 47.92, 27.89, 210.3, 0.000, 0.000, 0.0, 90.0, 90.0
272.416, -64.76, 47.92, 27.89, 210.3, 0.000, 0.000, 0.0, 90.0, 90.0
272.612, -64.76, 47.92, 27.89, 210.2, 0.000, 0.000, 0.0, 90.0, 90.0
272.810, -64.76, 47.92, 27.89, 210.3, 0.000, 0.000, 0.0, 90.0, 90.0
273.008, -64.76, 47.91, 27.88, 210.6, 0.000, 0.000, 0.0, 90.0, 90.0
273.210, -64.75, 47.92, 27.89, 210.1, 0.000, 0.000, 0.0, 90.0, 90.0
273.413, -64.75, 47.91, 27.89, 210.1, 0.000, 0.000, 0.0, 90.0, 90.0
273.613, -64.75, 47.92, 27.89, 210.1, 0.000, 0.000, 0.0, 90.0, 90.0
273.811, -64.75, 47.91, 27.89, 210.1, 0.000, 0.000, 0.0, 90.0, 90.0
274.010, -64.75, 47.91, 27.89, 210.1, 0.000, 0.000, 0.0, 90.0, 90.0
274.211, -64.75, 47.91, 27.89, 210.1, 0.000, 0.000, 0.0, 90.0, 90.0
274.411, -64.75, 47.91, 27.89, 210.2, 0.000, 0.000, 0.0, 90.0, 90.0
274.616, -64.75, 47.91, 27.89, 210.2, 0.000, 0.000, 0.0, 90.0, 90.0
274.810, -64.75, 47.91, 27.89, 210.2, 0.000, 0.000, 0.0, 90.0, 90.0
275.008, -63.32, 48.80, 32.27, 210.3, 0.000, 0.000, 0.0, 90.0, 90.0
275.208, -63.37, 48.58, 32.35, 210.6, 0.000, 0.000, 0.0, 90.0, 90.0
275.410, -63.37, 48.58, 32.35, 210.7, 0.000, 0.000, 0.0, 90.0, 90.0
275.608, -63.37, 48.76, 32.35, 210.8, 0.000, 0.000, 0.0, 90.0, 90.0
275.808, -62.99, 48.78, 33.29, 210.6, 0.000, 0.000, 0.0, 90.0, 90.0
276.011, -62.60, 48.85, 34.57, 210.4, 0.000, 0.000, 0.0, 90.0, 90.0
276.215, -62.15, 49.02, 35.84, 210.6, 0.000, 0.000, 0.0, 90.0, 90.0
276.417, -61.96, 49.03, 36.71, 210.4, 0.000, 0.000, 0.0, 90.0, 90.0
276.619, -61.82, 48.92, 37.33, 210.2, 0.000, 0.000, 0.0, 90.0, 90.0
276.810, -61.38, 48.92, 38.70, 209.8, 0.000, 0.000, 0.0, 90.0, 90.0
277.015, -60.88, 48.93, 40.58, 209.5, 0.000, 0.000, 0.0, 90.0, 90.0
277.213, -60.29, 48.89, 42.46, 209.4, 0.000, 0.000, 0.0, 90.0, 90.0
277.408, -59.91, 49.05, 43.92, 209.1, 0.000, 0.000, 0.0, 90.0, 90.0
277.612, -59.26, 49.04, 46.29, 208.9, 0.000, 0.000, 0.0, 90.0, 90.0
277.812, -58.66, 49.08, 48.20, 208.9, 0.000, 0.000, 0.0, 90.0, 90.0
278.009, -58.31, 49.18, 49.51, 208.6, 0.000, 0.000, 0.0, 90.0, 90.0
278.213, -58.17, 49.34, 50.09, 208.8, 0.000, 0.000, 0.0, 90.0, 90.0
278.415, -58.14, 49.15, 50.21, 208.7, 0.000, 0.000, 0.0, 90.0, 90.0
278.610, -58.13, 49.15, 50.22, 208.7, 0.000, 0.000, 0.0, 90.0, 90.0
278.808, -58.13, 49.15, 50.22, 208.7, 0.000, 0.000, 0.0, 90.0, 90.0
279.010, -58.13, 49.15, 50.22, 208.7, 0.000, 0.000, 0.0, 90.0, 90.0
279.217, -58.10, 49.02, 50.27, 208.7, 0.000, 0.000, 0.0, 90.0, 90.0
279.408, -58.26, 49.07, 50.57, 211.1, 0.000, 0.000, 0.0, 90.0, 90.0
279.612, -58.44, 49.18, 50.88, 222.8, 0.000, 0.000, 0.0, 90.0, 90.0
279.816, -58.58, 49.24, 51.21, 233.4, 0.000, 0.000, 0.0, 90.0, 90.0
280.015, -58.67, 49.36, 51.46, 240.6, 0.000, 0.000, 0.0, 90.0, 90.0
280.208, -58.68, 49.46, 51.87, 247.6, 0.000, 0.000, 0.0, 90.0, 90.0
280.415, -58.69, 49.29, 52.05, 250.7, 0.000, 0.000, 0.0, 90.0, 90.0
280.612, -58.67, 49.22, 52.13, 250.8, 0.000, 0.000, 0.0, 90.0, 90.0
280.813, -58.69, 49.21, 52.16, 251.0, 0.000, 0.000, 0.0, 90.0, 90.0
281.010, -58.86, 49.17, 52.18, 252.6, 0.000, 0.000, 0.0, 90.0, 90.0
281.210, -59.11, 49.13, 52.22, 255.2, 0.000, 0.000, 0.0, 90.0, 90.0
281.410, -59.23, 49.09, 52.21, 256.7, 0.000, 0.000, 0.0, 90.0, 90.0
281.616, -59.26, 49.10, 52.18, 257.1, 0.000, 0.000, 0.0, 90.0, 90.0
281.813, -59.00, 49.13, 52.15, 256.6, 0.000, 0.000, 0.0, 90.0, 90.0
282.020, -58.01, 49.13, 52.56, 255.5, 0.000, 0.000, 0.0, 90.0, 90.0
282.215, -56.46, 49.00, 53.45, 255.3, 0.000, 0.000, 0.0, 90.0, 90.0
282.418, -54.74, 49.13, 54.27, 255.4, 0.000, 0.000, 0.0, 90.0, 90.0
282.608, -53.11, 49.02, 55.05, 255.1, 0.000, 0.000, 0.0, 90.0, 90.0
282.808, -51.55, 49.07, 55.83, 255.0, 0.000, 0.000, 0.0, 90.0, 90.0
283.008, -49.45, 49.11, 56.91, 254.9, 0.000, 0.000, 0.0, 90.0, 90.0
283.215, -46.91, 49.24, 59.36, 265.4, 0.000, 0.000, 0.0, 90.0, 90.0
283.411, -44.33, 49.06, 61.35, 278.5, 0.000, 0.000, 0.0, 90.0, 90.0
283.634, -42.66, 49.13, 62.32, 280.3, 0.000, 0.000, 0.0, 90.0, 90.0
283.808, -41.45, 49.01, 62.97, 280.9, 0.000, 0.000, 0.0, 90.0, 90.0
284.010, -40.95, 49.40, 63.15, 281.2, 0.000, 0.000, 0.0, 90.0, 90.0
284.209, -40.94, 49.18, 63.15, 281.2, 0.000, 0.000, 0.0, 90.0, 90.0
284.410, -40.93, 49.18, 63.16, 281.2, 0.000, 0.000, 0.0, 90.0, 90.0
284.617, -40.93, 49.18, 63.16, 281.2, 0.000, 0.000, 0.0, 90.0, 90.0
284.813, -40.93, 49.18, 63.16, 281.2, 0.000, 0.000, 0.0, 90.0, 90.0
285.016, -40.93, 49.18, 63.16, 281.2, 0.000, 0.000, 0.0, 90.0, 90.0
285.208, -40.93, 49.18, 63.16, 281.2, 0.000, 0.000, 0.0, 90.0, 90.0
285.408, -40.93, 49.18, 63.16, 281.2, 0.000, 0.000, 0.0, 90.0, 90.0
285.609, -40.93, 49.18, 63.16, 281.2, 0.000, 0.000, 0.0, 90.0, 90.0
285.808, -40.62, 49.04, 63.29, 279.8, 0.000, 0.000, 0.0, 90.0, 90.0
286.014, -41.35, 49.11, 62.04, 268.4, 0.000, 0.000, 0.0, 90.0, 90.0
286.216, -41.57, 49.12, 59.77, 248.9, 0.000, 0.000, 0.0, 90.0, 90.0
286.416, -41.46, 49.10, 59.04, 233.7, 0.000, 0.000, 0.0, 90.0, 90.0
286.614, -41.49, 49.14, 59.31, 236.8, 0.000, 0.000, 0.0, 90.0, 90.0
286.816, -41.47, 49.06, 59.42, 237.5, 0.000, 0.000, 0.0, 90.0, 90.0
287.016, -41.48, 49.05, 59.45, 237.5, 0.000, 0.000, 0.0, 90.0, 90.0
287.212, -41.48, 49.05, 59.45, 237.5, 0.000, 0.000, 0.0, 90.0, 90.0
287.408, -41.48, 49.05, 59.45, 237.5, 0.000, 0.000, 0.0, 90.0, 90.0
287.612, -41.48, 49.05, 59.45, 237.5, 0.000, 0.000, 0.0, 90.0, 90.0
287.817, -41.48, 49.05, 59.45, 237.5, 0.000, 0.000, 0.0, 90.0, 90.0
288.011, -41.48, 49.05, 59.45, 237.5, 0.000, 0.000, 0.0, 90.0, 90.0
288.217, -41.48, 49.05, 59.45, 237.5, 0.000, 0.000, 0.0, 90.0, 90.0
288.413, -41.48, 49.05, 59.45, 237.5, 0.000, 0.000, 0.0, 90.0, 90.0
288.617, -41.48, 49.05, 59.45, 237.5, 0.000, 0.000, 0.0, 90.0, 90.0
288.810, -41.48, 49.05, 59.45, 237.5, 0.000, 0.000, 0.0, 90.0, 90.0
289.015, -41.52, 49.14, 59.50, 237.6, 0.000, 0.000, 0.0, 90.0, 90.0
289.215, -41.62, 49.22, 59.74, 239.4, 0.000, 0.000, 0.0, 90.0, 90.0
289.416, -41.81, 49.29, 60.01, 243.2, 0.000, 0.000, 0.0, 90.0, 90.0
289.612, -41.76, 49.23, 60.35, 248.8, 0.000, 0.000, 0.0, 90.0, 90.0
289.808, -41.70, 49.28, 60.70, 253.6, 0.000, 0.000, 0.0, 90.0, 90.0
290.017, -41.56, 49.34, 61.09, 259.3, 0.000, 0.000, 0.0, 90.0, 90.0
290.211, -41.38, 49.43, 61.47, 263.3, 0.000, 0.000, 0.0, 90.0, 90.0
290.415, -41.13, 49.44, 61.89, 269.1, 0.000, 0.000, 0.0, 90.0, 90.0
290.617, -40.82, 49.60, 62.05, 274.2, 0.000, 0.000, 0.0, 90.0, 90.0
290.808, -40.54, 49.65, 62.18, 277.8, 0.000, 0.000, 0.0, 90.0, 90.0
291.015, -40.47, 49.22, 62.35, 279.5, 0.000, 0.000, 0.0, 90.0, 90.0
291.208, -40.46, 49.13, 62.39, 279.8, 0.000, 0.000, 0.0, 90.0, 90.0
291.416, -40.46, 49.13, 62.39, 279.8, 0.000, 0.000, 0.0, 90.0, 90.0
291.611, -40.46, 49.13, 62.39, 279.9, 0.000, 0.000, 0.0, 90.0, 90.0
291.812, -40.35, 49.02, 62.24, 279.7, 0.000, 0.000, 0.0, 90.0, 90.0
292.014, -39.47, 49.05, 61.37, 279.0, 0.000, 0.000, 0.0, 90.0, 90.0
292.216, -38.10, 49.12, 60.19, 278.0, 0.000, 0.000, 0.0, 90.0, 90.0
292.408, -36.89, 49.16, 59.21, 277.8, 0.000, 0.000, 0.0, 90.0, 90.0
292.612, -35.08, 49.18, 57.70, 277.9, 0.000, 0.000, 0.0, 90.0, 90.0
292.818, -33.48, 49.32, 56.33, 277.9, 0.000, 0.000, 0.0, 90.0, 90.0
293.008, -32.81, 49.35, 55.74, 277.9, 0.000, 0.000, 0.0, 90.0, 90.0
293.208, -32.48, 49.24, 55.52, 278.0, 0.000, 0.000, 0.0, 90.0, 90.0
293.418, -32.42, 49.11, 55.54, 278.0, 0.000, 0.000, 0.0, 90.0, 90.0
293.619, -32.41, 49.11, 55.54, 278.0, 0.000, 0.000, 0.0, 90.0, 90.0
293.814, -32.36, 48.89, 55.53, 277.9, 0.000, 0.000, 0.0, 90.0, 90.0
294.018, -31.64, 48.89, 54.95, 277.7, 0.000, 0.000, 0.0, 90.0, 90.0
294.215, -30.46, 48.89, 53.97, 277.6, 0.000, 0.000, 0.0, 90.0, 90.0
294.421, -29.23, 49.00, 52.91, 277.5, 0.000, 0.000, 0.0, 90.0, 90.0
294.608, -28.49, 48.97, 52.32, 277.5, 0.000, 0.000, 0.0, 90.0, 90.0
294.817, -28.17, 48.90, 52.11, 277.6, 0.000, 0.000, 0.0, 90.0, 90.0
295.011, -28.16, 48.85, 52.12, 277.6, 0.000, 0.000, 0.0, 90.0, 90.0
295.208, -28.13, 48.89, 52.07, 277.1, 0.000, 0.000, 0.0, 90.0, 90.0
295.413, -28.25, 48.89, 51.77, 273.2, 0.000, 0.000, 0.0, 90.0, 90.0
295.617, -28.30, 48.92, 51.40, 268.6, 0.000, 0.000, 0.0, 90.0, 90.0
295.815, -28.43, 48.95, 51.09, 264.8, 0.000, 0.000, 0.0, 90.0, 90.0
296.010, -28.46, 48.85, 51.04, 263.7, 0.000, 0.000, 0.0, 90.0, 90.0
296.216, -28.45, 48.82, 51.04, 263.3, 0.000, 0.000, 0.0, 90.0, 90.0
296.416, -28.44, 48.80, 51.02, 263.2, 0.000, 0.000, 0.0, 90.0, 90.0
296.608, -28.40, 48.82, 50.93, 262.5, 0.000, 0.000, 0.0, 90.0, 90.0
296.814, -28.43, 48.81, 50.77, 260.7, 0.000, 0.000, 0.0, 90.0, 90.0
297.015, -28.43, 48.80, 50.75, 260.4, 0.000, 0.000, 0.0, 90.0, 90.0
297.240, -27.81, 48.84, 50.56, 260.5, 0.000, 0.000, 0.0, 90.0, 90.0
297.408, -26.72, 48.89, 50.27, 261.0, 0.000, 0.000, 0.0, 90.0, 90.0
297.612, -24.75, 48.96, 49.74, 261.4, 0.000, 0.000, 0.0, 90.0, 90.0
297.813, -22.82, 49.07, 49.25, 261.8, 0.000, 0.000, 0.0, 90.0, 90.0
298.012, -21.16, 49.11, 48.78, 261.8, 0.000, 0.000, 0.0, 90.0, 90.0
298.215, -19.02, 49.28, 48.10, 261.6, 0.000, 0.000, 0.0, 90.0, 90.0
298.415, -16.84, 49.38, 47.44, 261.8, 0.000, 0.000, 0.0, 90.0, 90.0
298.613, -15.17, 49.40, 47.03, 262.1, 0.000, 0.000, 0.0, 90.0, 90.0
298.808, -14.50, 49.43, 46.82, 262.1, 0.000, 0.000, 0.0, 90.0, 90.0
299.008, -14.20, 49.20, 46.70, 261.3, 0.000, 0.000, 0.0, 90.0, 90.0
299.213, -14.30, 49.05, 46.53, 258.2, 0.000, 0.000, 0.0, 90.0, 90.0
299.408, -14.32, 49.02, 46.15, 254.7, 0.000, 0.000, 0.0, 90.0, 90.0
299.614, -14.24, 48.89, 45.63, 249.3, 0.000, 0.000, 0.0, 90.0, 90.0
299.810, -14.21, 48.84, 45.52, 246.7, 0.000, 0.000, 0.0, 90.0, 90.0
300.011, -14.12, 48.81, 45.53, 246.6, 0.000, 0.000, 0.0, 90.0, 90.0
300.208, -13.13, 48.88, 45.75, 248.1, 0.000, 0.000, 0.0, 90.0, 90.0
300.411, -11.41, 48.95, 45.99, 249.5, 0.000, 0.000, 0.0, 90.0, 90.0
300.616, -9.46, 49.01, 46.17, 249.9, 0.000, 0.000, 0.0, 90.0, 90.0
300.816, -7.74, 49.09, 46.33, 249.7, 0.000, 0.000, 0.0, 90.0, 90.0
301.008, -5.59, 49.06, 46.54, 249.9, 0.000, 0.000, 0.0, 90.0, 90.0
301.216, -3.40, 49.14, 46.78, 250.0, 0.000, 0.000, 0.0, 90.0, 90.0
301.418, -1.53, 49.16, 46.96, 249.9, 0.000, 0.000, 0.0, 90.0, 90.0
301.615, 0.85, 49.27, 47.17, 250.0, 0.000, 0.000, 0.0, 90.0, 90.0
301.812, 3.03, 49.22, 47.38, 250.0, 0.000, 0.000, 0.0, 90.0, 90.0
302.008, 5.03, 49.28, 47.54, 249.8, 0.000, 0.000, 0.0, 90.0, 90.0
302.208, 6.81, 49.24, 47.71, 249.9, 0.000, 0.000, 0.0, 90.0, 90.0
302.413, 9.11, 49.43, 47.94, 249.7, 0.000, 0.000, 0.0, 90.0, 90.0
302.611, 11.16, 49.42, 48.09, 249.5, 0.000, 0.000, 0.0, 90.0, 90.0
302.813, 12.97, 49.46, 48.25, 249.6, 0.000, 0.000, 0.0, 90.0, 90.0
303.012, 15.25, 49.59, 48.48, 249.5, 0.000, 0.000, 0.0, 90.0, 90.0
303.208, 17.39, 49.70, 48.68, 249.2, 0.000, 0.000, 0.0, 90.0, 90.0
303.416, 19.64, 49.69, 48.94, 249.3, 0.000, 0.000, 0.0, 90.0, 90.0
303.608, 21.21, 49.71, 49.09, 249.4, 0.000, 0.000, 0.0, 90.0, 90.0
303.811, 23.71, 49.79, 49.27, 249.7, 0.000, 0.000, 0.0, 90.0, 90.0
304.013, 25.86, 49.72, 49.44, 249.9, 0.000, 0.000, 0.0, 90.0, 90.0
304.218, 27.70, 49.68, 49.60, 250.2, 0.000, 0.000, 0.0, 90.0, 90.0
304.414, 28.59, 49.67, 49.70, 250.4, 0.000, 0.000, 0.0, 90.0, 90.0
304.611, 28.89, 49.47, 49.74, 250.4, 0.000, 0.000, 0.0, 90.0, 90.0
304.808, 29.02, 49.36, 49.71, 250.0, 0.000, 0.000, 0.0, 90.0, 90.0
305.015, 29.06, 49.35, 49.62, 247.7, 0.000, 0.000, 0.0, 90.0, 90.0
305.215, 29.25, 49.29, 49.22, 242.0, 0.000, 0.000, 0.0, 90.0, 90.0
305.411, 29.47, 49.24, 48.95, 236.8, 0.000, 0.000, 0.0, 90.0, 90.0
305.618, 29.65, 49.21, 48.76, 231.2, 0.000, 0.000, 0.0, 90.0, 90.0
305.813, 29.68, 49.19, 48.73, 230.1, 0.000, 0.000, 0.0, 90.0, 90.0
306.011, 29.77, 49.19, 48.75, 229.7, 0.000, 0.000, 0.0, 90.0, 90.0
306.215, 30.65, 49.21, 49.25, 229.9, 0.000, 0.000, 0.0, 90.0, 90.0
306.417, 32.03, 49.29, 50.02, 230.4, 0.000, 0.000, 0.0, 90.0, 90.0
306.617, 33.78, 49.37, 51.03, 230.9, 0.000, 0.000, 0.0, 90.0, 90.0
306.811, 35.46, 49.40, 51.97, 231.3, 0.000, 0.000, 0.0, 90.0, 90.0
307.008, 37.24, 49.55, 52.95, 231.5, 0.000, 0.000, 0.0, 90.0, 90.0
307.213, 38.88, 49.55, 53.93, 231.4, 0.000, 0.000, 0.0, 90.0, 90.0
307.408, 40.70, 49.80, 54.99, 231.3, 0.000, 0.000, 0.0, 90.0, 90.0
307.616, 42.39, 50.13, 55.98, 231.1, 0.000, 0.000, 0.0, 90.0, 90.0
307.808, 42.53, 50.15, 56.07, 231.2, 0.000, 0.000, 0.0, 90.0, 90.0
308.011, 42.52, 50.15, 56.08, 231.5, 0.000, 0.000, 0.0, 90.0, 90.0
308.208, 42.52, 50.17, 56.08, 231.7, 0.000, 0.000, 0.0, 90.0, 90.0
308.408, 42.50, 50.17, 56.08, 232.0, 0.000, 0.000, 0.0, 90.0, 90.0
308.614, 42.49, 50.17, 56.08, 232.1, 0.000, 0.000, 0.0, 90.0, 90.0
308.811, 47.12, 51.09, 58.92, 232.1, 0.000, 0.000, 0.0, 90.0, 90.0
309.026, 47.40, 51.09, 59.09, 232.2, 0.000, 0.000, 0.0, 90.0, 90.0
309.208, 47.41, 51.09, 59.09, 232.2, 0.000, 0.000, 0.0, 90.0, 90.0
309.408, 48.39, 48.77, 59.36, 232.0, 0.000, 0.000, 0.0, 90.0, 90.0
309.613, 49.15, 48.83, 59.51, 232.5, 0.000, 0.000, 0.0, 90.0, 90.0
309.808, 49.16, 48.83, 59.51, 232.5, 0.000, 0.000, 0.0, 90.0, 90.0
310.011, 49.45, 48.89, 59.59, 232.1, 0.000, 0.000, 0.0, 90.0, 90.0
310.215, 50.37, 49.08, 60.15, 231.9, 0.000, 0.000, 0.0, 90.0, 90.0
310.408, 51.49, 49.17, 60.80, 231.9, 0.000, 0.000, 0.0, 90.0, 90.0
310.615, 53.27, 49.29, 61.86, 231.7, 0.000, 0.000, 0.0, 90.0, 90.0
310.815, 55.07, 49.43, 62.89, 231.7, 0.000, 0.000, 0.0, 90.0, 90.0
311.008, 56.83, 49.46, 63.88, 231.9, 0.000, 0.000, 0.0, 90.0, 90.0
311.212, 58.55, 49.65, 64.86, 231.8, 0.000, 0.000, 0.0, 90.0, 90.0
311.408, 60.66, 49.46, 65.92, 232.1, 0.000, 0.000, 0.0, 90.0, 90.0
311.616, 62.69, 49.29, 67.01, 232.2, 0.000, 0.000, 0.0, 90.0, 90.0
311.812, 64.22, 49.16, 67.80, 232.1, 0.000, 0.000, 0.0, 90.0, 90.0
312.018, 65.45, 48.86, 68.47, 232.3, 0.000, 0.000, 0.0, 90.0, 90.0
312.211, 64.78, 50.09, 68.35, 232.3, 0.000, 0.000, 0.0, 90.0, 90.0
312.408, 65.05, 49.68, 68.44, 232.3, 0.000, 0.000, 0.0, 90.0, 90.0
312.608, 65.10, 49.67, 68.44, 232.4, 0.000, 0.000, 0.0, 90.0, 90.0
312.816, 65.10, 49.67, 68.44, 232.4, 0.000, 0.000, 0.0, 90.0, 90.0
313.014, 65.10, 49.67, 68.44, 232.4, 0.000, 0.000, 0.0, 90.0, 90.0
313.211, 65.10, 49.67, 68.44, 232.4, 0.000, 0.000, 0.0, 90.0, 90.0
313.411, 65.10, 49.67, 68.44, 232.4, 0.000, 0.000, 0.0, 90.0, 90.0
313.616, 65.10, 49.67, 68.44, 232.4, 0.000, 0.000, 0.0, 90.0, 90.0
313.808, 65.10, 49.67, 68.44, 232.4, 0.000, 0.000, 0.0, 90.0, 90.0
314.008, 65.10, 49.67, 68.44, 232.4, 0.000, 0.000, 0.0, 90.0, 90.0
314.210, 65.10, 49.67, 68.44, 232.4, 0.000, 0.000, 0.0, 90.0, 90.0
314.413, 65.10, 49.67, 68.44, 232.4, 0.000, 0.000, 0.0, 90.0, 90.0
314.614, 65.10, 49.67, 68.44, 232.4, 0.000, 0.000, 0.0, 90.0, 90.0
314.808, 65.10, 49.67, 68.44, 232.4, 0.000, 0.000, 0.0, 90.0, 90.0
315.009, 65.10, 49.67, 68.44, 232.4, 0.000, 0.000, 0.0, 90.0, 90.0
315.208, 65.10, 49.67, 68.44, 232.4, 0.000, 0.000, 0.0, 90.0, 90.0
315.408, 65.10, 49.67, 68.44, 232.4, 0.000, 0.000, 0.0, 90.0, 90.0
315.611, 65.10, 49.67, 68.44, 232.4, 0.000, 0.000, 0.0, 90.0, 90.0
315.812, 65.10, 49.67, 68.44, 232.4, 0.000, 0.000, 0.0, 90.0, 90.0
316.010, 65.10, 49.67, 68.44, 232.4, 0.000, 0.000, 0.0, 90.0, 90.0
316.208, 65.10, 49.67, 68.44, 232.4, 0.000, 0.000, 0.0, 90.0, 90.0
316.408, 65.10, 49.67, 68.44, 232.4, 0.000, 0.000, 0.0, 90.0, 90.0
316.610, 65.10, 49.67, 68.44, 232.4, 0.000, 0.000, 0.0, 90.0, 90.0
316.813, 65.10, 49.67, 68.44, 232.4, 0.000, 0.000, 0.0, 90.0, 90.0
317.044, 65.10, 49.67, 68.44, 232.4, 0.000, 0.000, 0.0, 90.0, 90.0
317.208, 65.10, 49.67, 68.44, 232.4, 0.000, 0.000, 0.0, 90.0, 90.0
317.409, 65.10, 49.67, 68.44, 232.4, 0.000, 0.000, 0.0, 90.0, 90.0
317.608, 65.10, 49.67, 68.44, 232.4, 0.000, 0.000, 0.0, 90.0, 90.0
317.809, 65.10, 49.67, 68.44, 232.4, 0.000, 0.000, 0.0, 90.0, 90.0
318.018, 65.10, 49.67, 68.44, 232.4, 0.000, 0.000, 0.0, 90.0, 90.0
318.208, 65.10, 49.67, 68.44, 232.4, 0.000, 0.000, 0.0, 90.0, 90.0
318.418, 65.10, 49.67, 68.44, 232.4, 0.000, 0.000, 0.0, 90.0, 90.0
318.668, 65.10, 49.67, 68.44, 232.4, 0.000, 0.000, 0.0, 90.0, 90.0
318.817, 65.10, 49.67, 68.44, 232.4, 0.000, 0.000, 0.0, 90.0, 90.0
319.015, 65.10, 49.67, 68.44, 232.4, 0.000, 0.000, 0.0, 90.0, 90.0
319.212, 65.10, 49.67, 68.44, 232.4, 0.000, 0.000, 0.0, 90.0, 90.0
319.412, 65.10, 49.67, 68.44, 232.4, 0.000, 0.000, 0.0, 90.0, 90.0
319.612, 65.10, 49.67, 68.44, 232.4, 0.000, 0.000, 0.0, 90.0, 90.0
319.812, 65.10, 49.67, 68.44, 232.4, 0.000, 0.000, 0.0, 90.0, 90.0
320.013, 65.10, 49.67, 68.44, 232.4, 0.000, 0.000, 0.0, 90.0, 90.0
320.208, 65.10, 49.67, 68.44, 232.4, 0.000, 0.000, 0.0, 90.0, 90.0
320.410, 65.10, 49.67, 68.44, 232.4, 0.000, 0.000, 0.0, 90.0, 90.0
320.610, 65.10, 49.67, 68.44, 232.4, 0.000, 0.000, 0.0, 90.0, 90.0
320.810, 65.10, 49.67, 68.44, 232.4, 0.000, 0.000, 0.0, 90.0, 90.0
321.008, 65.10, 49.67, 68.44, 232.4, 0.000, 0.000, 0.0, 90.0, 90.0
321.231, 65.10, 49.67, 68.44, 232.4, 0.000, 0.000, 0.0, 90.0, 90.0
321.409, 65.10, 49.67, 68.44, 232.4, 0.000, 0.000, 0.0, 90.0, 90.0
321.608, 65.10, 49.67, 68.44, 232.4, 0.000, 0.000, 0.0, 90.0, 90.0
321.811, 65.10, 49.67, 68.44, 232.4, 0.000, 0.000, 0.0, 90.0, 90.0
322.008, 65.10, 49.67, 68.44, 232.4, 0.000, 0.000, 0.0, 90.0, 90.0
322.208, 65.10, 49.67, 68.44, 232.4, 0.000, 0.000, 0.0, 90.0, 90.0
322.409, 65.10, 49.67, 68.44, 232.4, 0.000, 0.000, 0.0, 90.0, 90.0
322.609, 65.10, 49.67, 68.44, 232.4, 0.000, 0.000, 0.0, 90.0, 90.0
322.839, 65.10, 49.67, 68.44, 232.4, 0.000, 0.000, 0.0, 90.0, 90.0
323.009, 65.10, 49.67, 68.44, 232.4, 0.000, 0.000, 0.0, 90.0, 90.0
323.209, 65.10, 49.67, 68.44, 232.4, 0.000, 0.000, 0.0, 90.0, 90.0
323.415, 65.10, 49.67, 68.44, 232.4, 0.000, 0.000, 0.0, 90.0, 90.0
323.609, 65.10, 49.67, 68.44, 232.4, 0.000, 0.000, 0.0, 90.0, 90.0
323.808, 65.10, 49.67, 68.44, 232.4, 0.000, 0.000, 0.0, 90.0, 90.0
324.018, 65.10, 49.67, 68.44, 232.4, 0.000, 0.000, 0.0, 90.0, 90.0
324.208, 65.10, 49.67, 68.44, 232.4, 0.000, 0.000, 0.0, 90.0, 90.0
324.411, 65.10, 49.67, 68.44, 232.4, 0.000, 0.000, 0.0, 90.0, 90.0
324.611, 65.10, 49.67, 68.44, 232.4, 0.000, 0.000, 0.0, 90.0, 90.0
324.821, 65.10, 49.67, 68.44, 232.4, 0.000, 0.000, 0.0, 90.0, 90.0
325.009, 65.10, 49.67, 68.44, 232.4, 0.000, 0.000, 0.0, 90.0, 90.0
325.208, 65.10, 49.67, 68.44, 232.4, 0.000, 0.000, 0.0, 90.0, 90.0
325.410, 65.10, 49.67, 68.44, 232.4, 0.000, 0.000, 0.0, 90.0, 90.0
325.632, 65.10, 49.67, 68.44, 232.4, 0.000, 0.000, 0.0, 90.0, 90.0
325.809, 65.10, 49.67, 68.44, 232.4, 0.000, 0.000, 0.0, 90.0, 90.0
326.013, 65.10, 49.67, 68.44, 232.4, 0.000, 0.000, 0.0, 90.0, 90.0
326.208, 65.10, 49.67, 68.44, 232.4, 0.000, 0.000, 0.0, 90.0, 90.0
326.408, 65.10, 49.67, 68.44, 232.4, 0.000, 0.000, 0.0, 90.0, 90.0
326.608, 65.10, 49.67, 68.44, 232.4, 0.000, 0.000, 0.0, 90.0, 90.0
326.808, 65.10, 49.67, 68.44, 232.4, 0.000, 0.000, 0.0, 90.0, 90.0
327.025, 65.10, 49.67, 68.44, 232.4, 0.000, 0.000, 0.0, 90.0, 90.0
327.215, 65.10, 49.67, 68.44, 232.4, 0.000, 0.000, 0.0, 90.0, 90.0
327.419, 65.10, 49.67, 68.44, 232.4, 0.000, 0.000, 0.0, 90.0, 90.0
327.608, 65.10, 49.67, 68.44, 232.4, 0.000, 0.000, 0.0, 90.0, 90.0
327.810, 65.10, 49.67, 68.44, 232.4, 0.000, 0.000, 0.0, 90.0, 90.0
328.008, 65.10, 49.67, 68.44, 232.4, 0.000, 0.000, 0.0, 90.0, 90.0
328.209, 65.10, 49.67, 68.44, 232.4, 0.000, 0.000, 0.0, 90.0, 90.0
328.410, 65.10, 49.67, 68.44, 232.4, 0.000, 0.000, 0.0, 90.0, 90.0
328.608, 65.10, 49.67, 68.44, 232.4, 0.000, 0.000, 0.0, 90.0, 90.0
328.816, 65.10, 49.67, 68.44, 232.4, 0.000, 0.000, 0.0, 90.0, 90.0
329.017, 65.10, 49.67, 68.44, 232.4, 0.000, 0.000, 0.0, 90.0, 90.0
329.212, 65.10, 49.67, 68.44, 232.4, 0.000, 0.000, 0.0, 90.0, 90.0
329.410, 65.10, 49.67, 68.44, 232.4, 0.000, 0.000, 0.0, 90.0, 90.0
329.608, 65.10, 49.67, 68.44, 232.4, 0.000, 0.000, 0.0, 90.0, 90.0
329.808, 65.10, 49.67, 68.44, 232.4, 0.000, 0.000, 0.0, 90.0, 90.0
330.015, 65.10, 49.67, 68.44, 232.4, 0.000, 0.000, 0.0, 90.0, 90.0
330.210, 65.10, 49.67, 68.44, 232.4, 0.000, 0.000, 0.0, 90.0, 90.0
330.408, 65.10, 49.67, 68.44, 232.4, 0.000, 0.000, 0.0, 90.0, 90.0
330.609, 65.10, 49.67, 68.44, 232.4, 0.000, 0.000, 0.0, 90.0, 90.0
330.809, 65.10, 49.67, 68.44, 232.4, 0.000, 0.000, 0.0, 90.0, 90.0
331.009, 65.10, 49.67, 68.44, 232.4, 0.000, 0.000, 0.0, 90.0, 90.0
331.209, 65.10, 49.67, 68.44, 232.4, 0.000, 0.000, 0.0, 90.0, 90.0
331.410, 65.10, 49.67, 68.44, 232.4, 0.000, 0.000, 0.0, 90.0, 90.0
331.610, 65.10, 49.67, 68.44, 232.4, 0.000, 0.000, 0.0, 90.0, 90.0
331.811, 65.10, 49.67, 68.44, 232.4, 0.000, 0.000, 0.0, 90.0, 90.0
332.011, 65.10, 49.67, 68.44, 232.4, 0.000, 0.000, 0.0, 90.0, 90.0
332.208, 65.10, 49.67, 68.44, 232.4, 0.000, 0.000, 0.0, 90.0, 90.0
332.408, 65.10, 49.67, 68.44, 232.4, 0.000, 0.000, 0.0, 90.0, 90.0
332.608, 65.10, 49.67, 68.44, 232.4, 0.000, 0.000, 0.0, 90.0, 90.0
332.808, 65.10, 49.67, 68.44, 232.4, 0.000, 0.000, 0.0, 90.0, 90.0
333.008, 65.10, 49.67, 68.44, 232.4, 0.000, 0.000, 0.0, 90.0, 90.0
333.208, 65.10, 49.67, 68.44, 232.4, 0.000, 0.000, 0.0, 90.0, 90.0
333.410, 65.10, 49.67, 68.44, 232.4, 0.000, 0.000, 0.0, 90.0, 90.0
333.610, 65.10, 49.67, 68.44, 232.4, 0.000, 0.000, 0.0, 90.0, 90.0
333.812, 65.10, 49.67, 68.44, 232.4, 0.000, 0.000, 0.0, 90.0, 90.0
334.011, 65.10, 49.67, 68.44, 232.4, 0.000, 0.000, 0.0, 90.0, 90.0
334.211, 65.10, 49.67, 68.44, 232.4, 0.000, 0.000, 0.0, 90.0, 90.0
334.408, 65.10, 49.67, 68.44, 232.4, 0.000, 0.000, 0.0, 90.0, 90.0
334.608, 65.10, 49.67, 68.44, 232.4, 0.000, 0.000, 0.0, 90.0, 90.0
334.808, 65.10, 49.67, 68.44, 232.4, 0.000, 0.000, 0.0, 90.0, 90.0
335.008, 65.10, 49.67, 68.44, 232.4, 0.000, 0.000, 0.0, 90.0, 90.0
335.211, 65.10, 49.67, 68.44, 232.4, 0.000, 0.000, 0.0, 90.0, 90.0
335.412, 65.10, 49.67, 68.44, 232.4, 0.000, 0.000, 0.0, 90.0, 90.0
335.608, 65.10, 49.67, 68.44, 232.4, 0.000, 0.000, 0.0, 90.0, 90.0
335.808, 65.10, 49.67, 68.44, 232.4, 0.000, 0.000, 0.0, 90.0, 90.0
336.008, 65.10, 49.67, 68.44, 232.4, 0.000, 0.000, 0.0, 90.0, 90.0
336.208, 65.10, 49.67, 68.44, 232.4, 0.000, 0.000, 0.0, 90.0, 90.0
336.408, 65.10, 49.67, 68.44, 232.4, 0.000, 0.000, 0.0, 90.0, 90.0
336.610, 65.10, 49.67, 68.44, 232.4, 0.000, 0.000, 0.0, 90.0, 90.0
336.809, 65.10, 49.67, 68.44, 232.4, 0.000, 0.000, 0.0, 90.0, 90.0
337.009, 65.10, 49.67, 68.44, 232.4, 0.000, 0.000, 0.0, 90.0, 90.0
337.213, 65.10, 49.67, 68.44, 232.4, 0.000, 0.000, 0.0, 90.0, 90.0
337.410, 65.10, 49.67, 68.44, 232.4, 0.000, 0.000, 0.0, 90.0, 90.0
337.611, 65.10, 49.67, 68.44, 232.4, 0.000, 0.000, 0.0, 90.0, 90.0
337.810, 65.10, 49.67, 68.44, 232.4, 0.000, 0.000, 0.0, 90.0, 90.0
338.010, 65.10, 49.67, 68.44, 232.4, 0.000, 0.000, 0.0, 90.0, 90.0
338.210, 65.10, 49.67, 68.44, 232.4, 0.000, 0.000, 0.0, 90.0, 90.0
338.408, 65.10, 49.67, 68.44, 232.4, 0.000, 0.000, 0.0, 90.0, 90.0
338.609, 65.10, 49.67, 68.44, 232.4, 0.000, 0.000, 0.0, 90.0, 90.0
338.809, 65.10, 49.67, 68.44, 232.4, 0.000, 0.000, 0.0, 90.0, 90.0
339.009, 65.10, 49.67, 68.44, 232.4, 0.000, 0.000, 0.0, 90.0, 90.0
339.210, 65.10, 49.67, 68.44, 232.4, 0.000, 0.000, 0.0, 90.0, 90.0
339.413, 65.10, 49.67, 68.44, 232.4, 0.000, 0.000, 0.0, 90.0, 90.0
339.610, 65.10, 49.67, 68.44, 232.4, 0.000, 0.000, 0.0, 90.0, 90.0
339.813, 65.10, 49.67, 68.44, 232.4, 0.000, 0.000, 0.0, 90.0, 90.0
340.010, 65.10, 49.67, 68.44, 232.4, 0.000, 0.000, 0.0, 90.0, 90.0
340.211, 65.10, 49.67, 68.44, 232.4, 0.000, 0.000, 0.0, 90.0, 90.0
340.413, 65.10, 49.67, 68.44, 232.4, 0.000, 0.000, 0.0, 90.0, 90.0
340.612, 65.10, 49.67, 68.44, 232.4, 0.000, 0.000, 0.0, 90.0, 90.0
340.811, 65.10, 49.67, 68.44, 232.4, 0.000, 0.000, 0.0, 90.0, 90.0
341.015, 65.10, 49.67, 68.44, 232.4, 0.000, 0.000, 0.0, 90.0, 90.0
341.208, 65.10, 49.67, 68.44, 232.4, 0.000, 0.000, 0.0, 90.0, 90.0
341.409, 65.10, 49.67, 68.44, 232.4, 0.000, 0.000, 0.0, 90.0, 90.0
341.609, 65.10, 49.67, 68.44, 232.4, 0.000, 0.000, 0.0, 90.0, 90.0
341.812, 65.10, 49.67, 68.44, 232.4, 0.000, 0.000, 0.0, 90.0, 90.0
342.010, 65.10, 49.67, 68.44, 232.4, 0.000, 0.000, 0.0, 90.0, 90.0
342.209, 65.10, 49.67, 68.44, 232.4, 0.000, 0.000, 0.0, 90.0, 90.0
342.408, 65.10, 49.67, 68.44, 232.4, 0.000, 0.000, 0.0, 90.0, 90.0
342.634, 65.10, 49.67, 68.44, 232.4, 0.000, 0.000, 0.0, 90.0, 90.0
342.818, 65.10, 49.67, 68.44, 232.4, 0.000, 0.000, 0.0, 90.0, 90.0
343.008, 65.10, 49.67, 68.44, 232.4, 0.000, 0.000, 0.0, 90.0, 90.0
343.208, 65.10, 49.67, 68.44, 232.4, 0.000, 0.000, 0.0, 90.0, 90.0
343.408, 65.10, 49.67, 68.44, 232.4, 0.000, 0.000, 0.0, 90.0, 90.0
343.609, 65.10, 49.67, 68.44, 232.4, 0.000, 0.000, 0.0, 90.0, 90.0
343.808, 65.10, 49.67, 68.44, 232.4, 0.000, 0.000, 0.0, 90.0, 90.0
344.008, 65.10, 49.67, 68.44, 232.4, 0.000, 0.000, 0.0, 90.0, 90.0
344.212, 65.10, 49.67, 68.44, 232.4, 0.000, 0.000, 0.0, 90.0, 90.0
344.408, 65.10, 49.67, 68.44, 232.4, 0.000, 0.000, 0.0, 90.0, 90.0
344.608, 65.10, 49.67, 68.44, 232.4, 0.000, 0.000, 0.0, 90.0, 90.0
344.808, 65.10, 49.67, 68.44, 232.4, 0.000, 0.000, 0.0, 90.0, 90.0
345.010, 65.10, 49.67, 68.44, 232.4, 0.000, 0.000, 0.0, 90.0, 90.0
345.210, 65.10, 49.67, 68.44, 232.4, 0.000, 0.000, 0.0, 90.0, 90.0
345.409, 65.10, 49.67, 68.44, 232.4, 0.000, 0.000, 0.0, 90.0, 90.0
345.608, 65.10, 49.67, 68.44, 232.4, 0.000, 0.000, 0.0, 90.0, 90.0
345.808, 65.10, 49.67, 68.44, 232.4, 0.000, 0.000, 0.0, 90.0, 90.0
346.008, 65.10, 49.67, 68.44, 232.4, 0.000, 0.000, 0.0, 90.0, 90.0
346.208, 65.10, 49.67, 68.44, 232.4, 0.000, 0.000, 0.0, 90.0, 90.0
346.408, 65.10, 49.67, 68.44, 232.4, 0.000, 0.000, 0.0, 90.0, 90.0
346.608, 65.10, 49.67, 68.44, 232.4, 0.000, 0.000, 0.0, 90.0, 90.0
346.808, 65.10, 49.67, 68.44, 232.4, 0.000, 0.000, 0.0, 90.0, 90.0
347.008, 65.10, 49.67, 68.44, 232.4, 0.000, 0.000, 0.0, 90.0, 90.0
347.208, 65.10, 49.67, 68.44, 232.4, 0.000, 0.000, 0.0, 90.0, 90.0
347.408, 65.10, 49.67, 68.44, 232.4, 0.000, 0.000, 0.0, 90.0, 90.0
347.608, 65.10, 49.67, 68.44, 232.4, 0.000, 0.000, 0.0, 90.0, 90.0
347.808, 65.10, 49.67, 68.44, 232.4, 0.000, 0.000, 0.0, 90.0, 90.0
348.008, 65.10, 49.67, 68.44, 232.4, 0.000, 0.000, 0.0, 90.0, 90.0
348.209, 65.10, 49.67, 68.44, 232.4, 0.000, 0.000, 0.0, 90.0, 90.0
348.408, 65.10, 49.67, 68.44, 232.4, 0.000, 0.000, 0.0, 90.0, 90.0
348.609, 65.10, 49.67, 68.44, 232.4, 0.000, 0.000, 0.0, 90.0, 90.0
348.809, 65.10, 49.67, 68.44, 232.4, 0.000, 0.000, 0.0, 90.0, 90.0
349.010, 65.10, 49.67, 68.44, 232.4, 0.000, 0.000, 0.0, 90.0, 90.0
349.209, 65.10, 49.67, 68.44, 232.4, 0.000, 0.000, 0.0, 90.0, 90.0
349.410, 65.10, 49.67, 68.44, 232.4, 0.000, 0.000, 0.0, 90.0, 90.0
349.610, 65.10, 49.67, 68.44, 232.4, 0.000, 0.000, 0.0, 90.0, 90.0
349.810, 65.10, 49.67, 68.44, 232.4, 0.000, 0.000, 0.0, 90.0, 90.0
350.011, 65.10, 49.67, 68.44, 232.4, 0.000, 0.000, 0.0, 90.0, 90.0
350.210, 65.10, 49.67, 68.44, 232.4, 0.000, 0.000, 0.0, 90.0, 90.0
350.411, 65.10, 49.67, 68.44, 232.4, 0.000, 0.000, 0.0, 90.0, 90.0
350.612, 65.10, 49.67, 68.44, 232.4, 0.000, 0.000, 0.0, 90.0, 90.0
350.811, 65.10, 49.67, 68.44, 232.4, 0.000, 0.000, 0.0, 90.0, 90.0
351.008, 65.10, 49.67, 68.44, 232.4, 0.000, 0.000, 0.0, 90.0, 90.0
351.213, 65.10, 49.67, 68.44, 232.4, 0.000, 0.000, 0.0, 90.0, 90.0
351.408, 65.10, 49.67, 68.44, 232.4, 0.000, 0.000, 0.0, 90.0, 90.0
351.610, 65.10, 49.67, 68.44, 232.4, 0.000, 0.000, 0.0, 90.0, 90.0
351.808, 65.10, 49.67, 68.44, 232.4, 0.000, 0.000, 0.0, 90.0, 90.0
352.009, 65.10, 49.67, 68.44, 232.4, 0.000, 0.000, 0.0, 90.0, 90.0
352.214, 65.10, 49.67, 68.44, 232.4, 0.000, 0.000, 0.0, 90.0, 90.0
352.408, 65.10, 49.67, 68.44, 232.4, 0.000, 0.000, 0.0, 90.0, 90.0
352.614, 65.10, 49.67, 68.44, 232.4, 0.000, 0.000, 0.0, 90.0, 90.0
352.814, 65.10, 49.67, 68.44, 232.4, 0.000, 0.000, 0.0, 90.0, 90.0
353.013, 65.10, 49.67, 68.44, 232.4, 0.000, 0.000, 0.0, 90.0, 90.0
353.213, 65.10, 49.67, 68.44, 232.4, 0.000, 0.000, 0.0, 90.0, 90.0
353.413, 65.10, 49.67, 68.44, 232.4, 0.000, 0.000, 0.0, 90.0, 90.0
353.608, 65.10, 49.67, 68.44, 232.4, 0.000, 0.000, 0.0, 90.0, 90.0
353.808, 65.10, 49.67, 68.44, 232.4, 0.000, 0.000, 0.0, 90.0, 90.0
354.009, 65.10, 49.67, 68.44, 232.4, 0.000, 0.000, 0.0, 90.0, 90.0
354.208, 65.10, 49.67, 68.44, 232.4, 0.000, 0.000, 0.0, 90.0, 90.0
354.408, 65.10, 49.67, 68.44, 232.4, 0.000, 0.000, 0.0, 90.0, 90.0
354.610, 65.10, 49.67, 68.44, 232.4, 0.000, 0.000, 0.0, 90.0, 90.0
354.809, 65.10, 49.67, 68.44, 232.4, 0.000, 0.000, 0.0, 90.0, 90.0
355.010, 65.10, 49.67, 68.44, 232.4, 0.000, 0.000, 0.0, 90.0, 90.0
355.208, 65.10, 49.67, 68.44, 232.4, 0.000, 0.000, 0.0, 90.0, 90.0
355.409, 65.10, 49.67, 68.44, 232.4, 0.000, 0.000, 0.0, 90.0, 90.0
355.608, 65.10, 49.67, 68.44, 232.4, 0.000, 0.000, 0.0, 90.0, 90.0
355.808, 65.10, 49.67, 68.44, 232.4, 0.000, 0.000, 0.0, 90.0, 90.0
356.008, 65.10, 49.67, 68.44, 232.4, 0.000, 0.000, 0.0, 90.0, 90.0
356.209, 65.10, 49.67, 68.44, 232.4, 0.000, 0.000, 0.0, 90.0, 90.0
356.410, 65.10, 49.67, 68.44, 232.4, 0.000, 0.000, 0.0, 90.0, 90.0
356.609, 65.10, 49.67, 68.44, 232.4, 0.000, 0.000, 0.0, 90.0, 90.0
356.808, 65.10, 49.67, 68.44, 232.4, 0.000, 0.000, 0.0, 90.0, 90.0
357.011, 65.10, 49.67, 68.44, 232.4, 0.000, 0.000, 0.0, 90.0, 90.0
357.209, 65.10, 49.67, 68.44, 232.4, 0.000, 0.000, 0.0, 90.0, 90.0
357.411, 65.10, 49.67, 68.44, 232.4, 0.000, 0.000, 0.0, 90.0, 90.0
357.609, 65.10, 49.67, 68.44, 232.4, 0.000, 0.000, 0.0, 90.0, 90.0
357.810, 65.10, 49.67, 68.44, 232.4, 0.000, 0.000, 0.0, 90.0, 90.0
358.015, 65.10, 49.67, 68.44, 232.4, 0.000, 0.000, 0.0, 90.0, 90.0
358.209, 65.10, 49.67, 68.44, 232.4, 0.000, 0.000, 0.0, 90.0, 90.0
358.409, 65.10, 49.67, 68.44, 232.4, 0.000, 0.000, 0.0, 90.0, 90.0
358.609, 65.10, 49.67, 68.44, 232.4, 0.000, 0.000, 0.0, 90.0, 90.0
358.810, 65.10, 49.67, 68.44, 232.4, 0.000, 0.000, 0.0, 90.0, 90.0
359.011, 65.10, 49.67, 68.44, 232.4, 0.000, 0.000, 0.0, 90.0, 90.0
359.211, 65.10, 49.67, 68.44, 232.4, 0.000, 0.000, 0.0, 90.0, 90.0
359.411, 65.10, 49.67, 68.44, 232.4, 0.000, 0.000, 0.0, 90.0, 90.0
359.608, 65.10, 49.67, 68.44, 232.4, 0.000, 0.000, 0.0, 90.0, 90.0
359.808, 65.10, 49.67, 68.44, 232.4, 0.000, 0.000, 0.0, 90.0, 90.0
360.008, 65.10, 49.67, 68.44, 232.4, 0.000, 0.000, 0.0, 90.0, 90.0
360.208, 65.10, 49.67, 68.44, 232.4, 0.000, 0.000, 0.0, 90.0, 90.0
360.414, 65.10, 49.67, 68.44, 232.4, 0.000, 0.000, 0.0, 90.0, 90.0
360.613, 65.10, 49.67, 68.44, 232.4, 0.000, 0.000, 0.0, 90.0, 90.0
360.813, 65.10, 49.67, 68.44, 232.4, 0.000, 0.000, 0.0, 90.0, 90.0
361.013, 65.10, 49.67, 68.44, 232.4, 0.000, 0.000, 0.0, 90.0, 90.0
361.214, 65.10, 49.67, 68.44, 232.4, 0.000, 0.000, 0.0, 90.0, 90.0
361.415, 65.10, 49.67, 68.44, 232.4, 0.000, 0.000, 0.0, 90.0, 90.0
361.614, 65.10, 49.67, 68.44, 232.4, 0.000, 0.000, 0.0, 90.0, 90.0
361.815, 65.10, 49.67, 68.44, 232.4, 0.000, 0.000, 0.0, 90.0, 90.0
362.014, 65.10, 49.67, 68.44, 232.4, 0.000, 0.000, 0.0, 90.0, 90.0
362.215, 65.10, 49.67, 68.44, 232.4, 0.000, 0.000, 0.0, 90.0, 90.0
362.414, 65.10, 49.67, 68.44, 232.4, 0.000, 0.000, 0.0, 90.0, 90.0
362.614, 65.10, 49.67, 68.44, 232.4, 0.000, 0.000, 0.0, 90.0, 90.0
362.814, 65.10, 49.67, 68.44, 232.4, 0.000, 0.000, 0.0, 90.0, 90.0
363.014, 65.10, 49.67, 68.44, 232.4, 0.000, 0.000, 0.0, 90.0, 90.0
363.215, 65.10, 49.67, 68.44, 232.4, 0.000, 0.000, 0.0, 90.0, 90.0
363.413, 65.10, 49.67, 68.44, 232.4, 0.000, 0.000, 0.0, 90.0, 90.0
363.614, 65.10, 49.67, 68.44, 232.4, 0.000, 0.000, 0.0, 90.0, 90.0
363.814, 65.10, 49.67, 68.44, 232.4, 0.000, 0.000, 0.0, 90.0, 90.0
364.013, 65.10, 49.67, 68.44, 232.4, 0.000, 0.000, 0.0, 90.0, 90.0
364.215, 65.10, 49.67, 68.44, 232.4, 0.000, 0.000, 0.0, 90.0, 90.0
364.414, 65.10, 49.67, 68.44, 232.4, 0.000, 0.000, 0.0, 90.0, 90.0
364.614, 65.10, 49.67, 68.44, 232.4, 0.000, 0.000, 0.0, 90.0, 90.0
364.814, 65.10, 49.67, 68.44, 232.4, 0.000, 0.000, 0.0, 90.0, 90.0
365.014, 65.10, 49.67, 68.44, 232.4, 0.000, 0.000, 0.0, 90.0, 90.0
365.215, 65.10, 49.67, 68.44, 232.4, 0.000, 0.000, 0.0, 90.0, 90.0
365.417, 65.10, 49.67, 68.44, 232.4, 0.000, 0.000, 0.0, 90.0, 90.0
365.614, 65.10, 49.67, 68.44, 232.4, 0.000, 0.000, 0.0, 90.0, 90.0
365.808, 65.10, 49.67, 68.44, 232.4, 0.000, 0.000, 0.0, 90.0, 90.0
366.008, 65.10, 49.67, 68.44, 232.4, 0.000, 0.000, 0.0, 90.0, 90.0
366.208, 65.10, 49.67, 68.44, 232.4, 0.000, 0.000, 0.0, 90.0, 90.0
366.408, 65.10, 49.67, 68.44, 232.4, 0.000, 0.000, 0.0, 90.0, 90.0
366.608, 65.10, 49.67, 68.44, 232.4, 0.000, 0.000, 0.0, 90.0, 90.0
366.808, 65.10, 49.67, 68.44, 232.4, 0.000, 0.000, 0.0, 90.0, 90.0
367.008, 65.10, 49.67, 68.44, 232.4, 0.000, 0.000, 0.0, 90.0, 90.0
367.208, 65.10, 49.67, 68.44, 232.4, 0.000, 0.000, 0.0, 90.0, 90.0
367.408, 65.10, 49.67, 68.44, 232.4, 0.000, 0.000, 0.0, 90.0, 90.0
367.608, 65.10, 49.67, 68.44, 232.4, 0.000, 0.000, 0.0, 90.0, 90.0
367.808, 65.10, 49.67, 68.44, 232.4, 0.000, 0.000, 0.0, 90.0, 90.0
368.008, 65.10, 49.67, 68.44, 232.4, 0.000, 0.000, 0.0, 90.0, 90.0
368.209, 65.10, 49.67, 68.44, 232.4, 0.000, 0.000, 0.0, 90.0, 90.0
368.408, 65.10, 49.67, 68.44, 232.4, 0.000, 0.000, 0.0, 90.0, 90.0
368.608, 65.10, 49.67, 68.44, 232.4, 0.000, 0.000, 0.0, 90.0, 90.0
368.808, 65.10, 49.67, 68.44, 232.4, 0.000, 0.000, 0.0, 90.0, 90.0
369.008, 65.10, 49.67, 68.44, 232.4, 0.000, 0.000, 0.0, 90.0, 90.0
369.208, 65.10, 49.67, 68.44, 232.4, 0.000, 0.000, 0.0, 90.0, 90.0
369.408, 65.10, 49.67, 68.44, 232.4, 0.000, 0.000, 0.0, 90.0, 90.0
369.608, 65.10, 49.67, 68.44, 232.4, 0.000, 0.000, 0.0, 90.0, 90.0
369.808, 65.10, 49.67, 68.44, 232.4, 0.000, 0.000, 0.0, 90.0, 90.0
370.008, 65.10, 49.67, 68.44, 232.4, 0.000, 0.000, 0.0, 90.0, 90.0
370.208, 65.10, 49.67, 68.44, 232.4, 0.000, 0.000, 0.0, 90.0, 90.0
370.408, 65.10, 49.67, 68.44, 232.4, 0.000, 0.000, 0.0, 90.0, 90.0
370.608, 65.10, 49.67, 68.44, 232.4, 0.000, 0.000, 0.0, 90.0, 90.0
370.811, 65.10, 49.67, 68.44, 232.4, 0.000, 0.000, 0.0, 90.0, 90.0
371.013, 65.10, 49.67, 68.44, 232.4, 0.000, 0.000, 0.0, 90.0, 90.0
371.213, 65.10, 49.67, 68.44, 232.4, 0.000, 0.000, 0.0, 90.0, 90.0
371.410, 65.10, 49.67, 68.44, 232.4, 0.000, 0.000, 0.0, 90.0, 90.0
371.613, 65.10, 49.67, 68.44, 232.4, 0.000, 0.000, 0.0, 90.0, 90.0
371.813, 65.10, 49.67, 68.44, 232.4, 0.000, 0.000, 0.0, 90.0, 90.0
372.012, 65.10, 49.67, 68.44, 232.4, 0.000, 0.000, 0.0, 90.0, 90.0
372.211, 65.10, 49.67, 68.44, 232.4, 0.000, 0.000, 0.0, 90.0, 90.0
372.412, 65.10, 49.67, 68.44, 232.4, 0.000, 0.000, 0.0, 90.0, 90.0
372.612, 65.10, 49.67, 68.44, 232.4, 0.000, 0.000, 0.0, 90.0, 90.0
372.814, 65.10, 49.67, 68.44, 232.4, 0.000, 0.000, 0.0, 90.0, 90.0
373.013, 65.10, 49.67, 68.44, 232.4, 0.000, 0.000, 0.0, 90.0, 90.0
373.213, 65.10, 49.67, 68.44, 232.4, 0.000, 0.000, 0.0, 90.0, 90.0
373.411, 65.10, 49.67, 68.44, 232.4, 0.000, 0.000, 0.0, 90.0, 90.0
373.613, 65.10, 49.67, 68.44, 232.4, 0.000, 0.000, 0.0, 90.0, 90.0
373.814, 65.10, 49.67, 68.44, 232.4, 0.000, 0.000, 0.0, 90.0, 90.0
374.012, 65.10, 49.67, 68.44, 232.4, 0.000, 0.000, 0.0, 90.0, 90.0
374.213, 65.10, 49.67, 68.44, 232.4, 0.000, 0.000, 0.0, 90.0, 90.0
374.413, 65.10, 49.67, 68.44, 232.4, 0.000, 0.000, 0.0, 90.0, 90.0
374.611, 65.10, 49.67, 68.44, 232.4, 0.000, 0.000, 0.0, 90.0, 90.0
374.810, 65.10, 49.67, 68.44, 232.4, 0.000, 0.000, 0.0, 90.0, 90.0
375.011, 65.10, 49.67, 68.44, 232.4, 0.000, 0.000, 0.0, 90.0, 90.0
375.209, 65.10, 49.67, 68.44, 232.4, 0.000, 0.000, 0.0, 90.0, 90.0
375.415, 65.10, 49.67, 68.44, 232.4, 0.000, 0.000, 0.0, 90.0, 90.0
375.610, 65.10, 49.67, 68.44, 232.4, 0.000, 0.000, 0.0, 90.0, 90.0
375.808, 65.10, 49.67, 68.44, 232.4, 0.000, 0.000, 0.0, 90.0, 90.0
376.008, 65.10, 49.67, 68.44, 232.4, 0.000, 0.000, 0.0, 90.0, 90.0
376.208, 65.10, 49.67, 68.44, 232.4, 0.000, 0.000, 0.0, 90.0, 90.0
376.408, 65.10, 49.67, 68.44, 232.4, 0.000, 0.000, 0.0, 90.0, 90.0
376.609, 65.10, 49.67, 68.44, 232.4, 0.000, 0.000, 0.0, 90.0, 90.0
376.808, 65.10, 49.67, 68.44, 232.4, 0.000, 0.000, 0.0, 90.0, 90.0
377.008, 65.10, 49.67, 68.44, 232.4, 0.000, 0.000, 0.0, 90.0, 90.0
377.208, 65.10, 49.67, 68.44, 232.4, 0.000, 0.000, 0.0, 90.0, 90.0
377.408, 65.10, 49.67, 68.44, 232.4, 0.000, 0.000, 0.0, 90.0, 90.0
377.608, 65.10, 49.67, 68.44, 232.4, 0.000, 0.000, 0.0, 90.0, 90.0
377.808, 65.10, 49.67, 68.44, 232.4, 0.000, 0.000, 0.0, 90.0, 90.0
378.008, 65.10, 49.67, 68.44, 232.4, 0.000, 0.000, 0.0, 90.0, 90.0
378.208, 65.10, 49.67, 68.44, 232.4, 0.000, 0.000, 0.0, 90.0, 90.0
378.408, 65.10, 49.67, 68.44, 232.4, 0.000, 0.000, 0.0, 90.0, 90.0
378.609, 65.10, 49.67, 68.44, 232.4, 0.000, 0.000, 0.0, 90.0, 90.0
378.811, 65.10, 49.67, 68.44, 232.4, 0.000, 0.000, 0.0, 90.0, 90.0
379.008, 65.10, 49.67, 68.44, 232.4, 0.000, 0.000, 0.0, 90.0, 90.0
379.208, 65.10, 49.67, 68.44, 232.4, 0.000, 0.000, 0.0, 90.0, 90.0
379.408, 65.10, 49.67, 68.44, 232.4, 0.000, 0.000, 0.0, 90.0, 90.0
379.609, 65.10, 49.67, 68.44, 232.4, 0.000, 0.000, 0.0, 90.0, 90.0
379.814, 65.10, 49.67, 68.44, 232.4, 0.000, 0.000, 0.0, 90.0, 90.0
380.013, 65.10, 49.67, 68.44, 232.4, 0.000, 0.000, 0.0, 90.0, 90.0
380.213, 65.10, 49.67, 68.44, 232.4, 0.000, 0.000, 0.0, 90.0, 90.0
380.410, 65.10, 49.67, 68.44, 232.4, 0.000, 0.000, 0.0, 90.0, 90.0
380.610, 65.10, 49.67, 68.44, 232.4, 0.000, 0.000, 0.0, 90.0, 90.0
380.810, 65.10, 49.67, 68.44, 232.4, 0.000, 0.000, 0.0, 90.0, 90.0
381.012, 65.10, 49.67, 68.44, 232.4, 0.000, 0.000, 0.0, 90.0, 90.0
381.210, 65.10, 49.67, 68.44, 232.4, 0.000, 0.000, 0.0, 90.0, 90.0
381.412, 65.10, 49.67, 68.44, 232.4, 0.000, 0.000, 0.0, 90.0, 90.0
381.613, 65.10, 49.67, 68.44, 232.4, 0.000, 0.000, 0.0, 90.0, 90.0
381.812, 65.10, 49.67, 68.44, 232.4, 0.000, 0.000, 0.0, 90.0, 90.0
382.013, 65.10, 49.67, 68.44, 232.4, 0.000, 0.000, 0.0, 90.0, 90.0
382.212, 65.10, 49.67, 68.44, 232.4, 0.000, 0.000, 0.0, 90.0, 90.0
382.411, 65.10, 49.67, 68.44, 232.4, 0.000, 0.000, 0.0, 90.0, 90.0
382.610, 65.10, 49.67, 68.44, 232.4, 0.000, 0.000, 0.0, 90.0, 90.0
382.810, 65.10, 49.67, 68.44, 232.4, 0.000, 0.000, 0.0, 90.0, 90.0
383.014, 65.10, 49.67, 68.44, 232.4, 0.000, 0.000, 0.0, 90.0, 90.0
383.213, 65.10, 49.67, 68.44, 232.4, 0.000, 0.000, 0.0, 90.0, 90.0
383.411, 65.10, 49.67, 68.44, 232.4, 0.000, 0.000, 0.0, 90.0, 90.0
383.613, 65.10, 49.67, 68.44, 232.4, 0.000, 0.000, 0.0, 90.0, 90.0
383.813, 65.10, 49.67, 68.44, 232.4, 0.000, 0.000, 0.0, 90.0, 90.0
384.012, 65.10, 49.67, 68.44, 232.4, 0.000, 0.000, 0.0, 90.0, 90.0
384.211, 65.10, 49.67, 68.44, 232.4, 0.000, 0.000, 0.0, 90.0, 90.0
384.414, 65.10, 49.67, 68.44, 232.4, 0.000, 0.000, 0.0, 90.0, 90.0
384.615, 65.10, 49.67, 68.44, 232.4, 0.000, 0.000, 0.0, 90.0, 90.0
384.811, 65.10, 49.67, 68.44, 232.4, 0.000, 0.000, 0.0, 90.0, 90.0
385.010, 65.10, 49.67, 68.44, 232.4, 0.000, 0.000, 0.0, 90.0, 90.0
385.212, 65.10, 49.67, 68.44, 232.4, 0.000, 0.000, 0.0, 90.0, 90.0
385.409, 65.10, 49.67, 68.44, 232.4, 0.000, 0.000, 0.0, 90.0, 90.0
385.608, 65.10, 49.67, 68.44, 232.4, 0.000, 0.000, 0.0, 90.0, 90.0
385.808, 65.10, 49.67, 68.44, 232.4, 0.000, 0.000, 0.0, 90.0, 90.0
386.008, 65.10, 49.67, 68.44, 232.4, 0.000, 0.000, 0.0, 90.0, 90.0
386.208, 65.10, 49.67, 68.44, 232.4, 0.000, 0.000, 0.0, 90.0, 90.0
386.409, 65.10, 49.67, 68.44, 232.4, 0.000, 0.000, 0.0, 90.0, 90.0
386.610, 65.10, 49.67, 68.44, 232.4, 0.000, 0.000, 0.0, 90.0, 90.0
386.808, 65.10, 49.67, 68.44, 232.4, 0.000, 0.000, 0.0, 90.0, 90.0
387.009, 65.10, 49.67, 68.44, 232.4, 0.000, 0.000, 0.0, 90.0, 90.0
387.210, 65.10, 49.67, 68.44, 232.4, 0.000, 0.000, 0.0, 90.0, 90.0
387.412, 65.10, 49.67, 68.44, 232.4, 0.000, 0.000, 0.0, 90.0, 90.0
387.608, 65.10, 49.67, 68.44, 232.4, 0.000, 0.000, 0.0, 90.0, 90.0
387.808, 65.10, 49.67, 68.44, 232.4, 0.000, 0.000, 0.0, 90.0, 90.0
388.008, 65.10, 49.67, 68.44, 232.4, 0.000, 0.000, 0.0, 90.0, 90.0
388.208, 65.10, 49.67, 68.44, 232.4, 0.000, 0.000, 0.0, 90.0, 90.0
388.408, 65.10, 49.67, 68.44, 232.4, 0.000, 0.000, 0.0, 90.0, 90.0
388.611, 65.10, 49.67, 68.44, 232.4, 0.000, 0.000, 0.0, 90.0, 90.0
388.808, 65.10, 49.67, 68.44, 232.4, 0.000, 0.000, 0.0, 90.0, 90.0
389.008, 65.10, 49.67, 68.44, 232.4, 0.000, 0.000, 0.0, 90.0, 90.0
389.208, 65.10, 49.67, 68.44, 232.4, 0.000, 0.000, 0.0, 90.0, 90.0
389.408, 65.10, 49.67, 68.44, 232.4, 0.000, 0.000, 0.0, 90.0, 90.0
389.608, 65.10, 49.67, 68.44, 232.4, 0.000, 0.000, 0.0, 90.0, 90.0
389.810, 65.10, 49.67, 68.44, 232.4, 0.000, 0.000, 0.0, 90.0, 90.0
390.011, 65.10, 49.67, 68.44, 232.4, 0.000, 0.000, 0.0, 90.0, 90.0
390.208, 65.10, 49.67, 68.44, 232.4, 0.000, 0.000, 0.0, 90.0, 90.0
390.413, 65.10, 49.67, 68.44, 232.4, 0.000, 0.000, 0.0, 90.0, 90.0
390.613, 65.10, 49.67, 68.44, 232.4, 0.000, 0.000, 0.0, 90.0, 90.0
390.813, 65.10, 49.67, 68.44, 232.4, 0.000, 0.000, 0.0, 90.0, 90.0
391.011, 65.10, 49.67, 68.44, 232.4, 0.000, 0.000, 0.0, 90.0, 90.0
391.212, 65.10, 49.67, 68.44, 232.4, 0.000, 0.000, 0.0, 90.0, 90.0
391.413, 65.10, 49.67, 68.44, 232.4, 0.000, 0.000, 0.0, 90.0, 90.0
391.612, 65.10, 49.67, 68.44, 232.4, 0.000, 0.000, 0.0, 90.0, 90.0
391.814, 65.10, 49.67, 68.44, 232.4, 0.000, 0.000, 0.0, 90.0, 90.0
392.012, 65.10, 49.67, 68.44, 232.4, 0.000, 0.000, 0.0, 90.0, 90.0
392.212, 65.10, 49.67, 68.44, 232.4, 0.000, 0.000, 0.0, 90.0, 90.0
392.413, 65.10, 49.67, 68.44, 232.4, 0.000, 0.000, 0.0, 90.0, 90.0
392.612, 65.10, 49.67, 68.44, 232.4, 0.000, 0.000, 0.0, 90.0, 90.0
392.812, 65.10, 49.67, 68.44, 232.4, 0.000, 0.000, 0.0, 90.0, 90.0
393.013, 65.10, 49.67, 68.44, 232.4, 0.000, 0.000, 0.0, 90.0, 90.0
393.214, 65.10, 49.67, 68.44, 232.4, 0.000, 0.000, 0.0, 90.0, 90.0
393.413, 65.10, 49.67, 68.44, 232.4, 0.000, 0.000, 0.0, 90.0, 90.0
393.613, 65.10, 49.67, 68.44, 232.4, 0.000, 0.000, 0.0, 90.0, 90.0
393.814, 65.10, 49.67, 68.44, 232.4, 0.000, 0.000, 0.0, 90.0, 90.0
394.012, 65.10, 49.67, 68.44, 232.4, 0.000, 0.000, 0.0, 90.0, 90.0
394.213, 65.10, 49.67, 68.44, 232.4, 0.000, 0.000, 0.0, 90.0, 90.0
394.413, 65.10, 49.67, 68.44, 232.4, 0.000, 0.000, 0.0, 90.0, 90.0
394.613, 65.10, 49.67, 68.44, 232.4, 0.000, 0.000, 0.0, 90.0, 90.0
394.815, 65.10, 49.67, 68.44, 232.4, 0.000, 0.000, 0.0, 90.0, 90.0
395.011, 65.10, 49.67, 68.44, 232.4, 0.000, 0.000, 0.0, 90.0, 90.0
395.214, 65.10, 49.67, 68.44, 232.4, 0.000, 0.000, 0.0, 90.0, 90.0
395.409, 65.10, 49.67, 68.44, 232.4, 0.000, 0.000, 0.0, 90.0, 90.0
395.611, 65.10, 49.67, 68.44, 232.4, 0.000, 0.000, 0.0, 90.0, 90.0
395.814, 65.10, 49.67, 68.44, 232.4, 0.000, 0.000, 0.0, 90.0, 90.0
396.012, 65.10, 49.67, 68.44, 232.4, 0.000, 0.000, 0.0, 90.0, 90.0
396.212, 65.10, 49.67, 68.44, 232.4, 0.000, 0.000, 0.0, 90.0, 90.0
396.413, 65.10, 49.67, 68.44, 232.4, 0.000, 0.000, 0.0, 90.0, 90.0
396.613, 65.10, 49.67, 68.44, 232.4, 0.000, 0.000, 0.0, 90.0, 90.0
396.812, 65.10, 49.67, 68.44, 232.4, 0.000, 0.000, 0.0, 90.0, 90.0
397.014, 65.10, 49.67, 68.44, 232.4, 0.000, 0.000, 0.0, 90.0, 90.0
397.214, 65.10, 49.67, 68.44, 232.4, 0.000, 0.000, 0.0, 90.0, 90.0
397.414, 65.10, 49.67, 68.44, 232.4, 0.000, 0.000, 0.0, 90.0, 90.0
397.614, 65.10, 49.67, 68.44, 232.4, 0.000, 0.000, 0.0, 90.0, 90.0
397.813, 65.10, 49.67, 68.44, 232.4, 0.000, 0.000, 0.0, 90.0, 90.0
398.013, 65.10, 49.67, 68.44, 232.4, 0.000, 0.000, 0.0, 90.0, 90.0
398.214, 65.10, 49.67, 68.44, 232.4, 0.000, 0.000, 0.0, 90.0, 90.0
398.410, 65.10, 49.67, 68.44, 232.4, 0.000, 0.000, 0.0, 90.0, 90.0
398.610, 65.10, 49.67, 68.44, 232.4, 0.000, 0.000, 0.0, 90.0, 90.0
398.811, 65.10, 49.67, 68.44, 232.4, 0.000, 0.000, 0.0, 90.0, 90.0
399.011, 65.10, 49.67, 68.44, 232.4, 0.000, 0.000, 0.0, 90.0, 90.0
399.212, 65.10, 49.67, 68.44, 232.4, 0.000, 0.000, 0.0, 90.0, 90.0
399.413, 65.10, 49.67, 68.44, 232.4, 0.000, 0.000, 0.0, 90.0, 90.0
399.613, 65.10, 49.67, 68.44, 232.4, 0.000, 0.000, 0.0, 90.0, 90.0
399.813, 65.10, 49.67, 68.44, 232.4, 0.000, 0.000, 0.0, 90.0, 90.0
400.013, 65.10, 49.67, 68.44, 232.4, 0.000, 0.000, 0.0, 90.0, 90.0
400.212, 65.10, 49.67, 68.44, 232.4, 0.000, 0.000, 0.0, 90.0, 90.0
400.412, 65.10, 49.67, 68.44, 232.4, 0.000, 0.000, 0.0, 90.0, 90.0
400.614, 65.10, 49.67, 68.44, 232.4, 0.000, 0.000, 0.0, 90.0, 90.0
400.812, 65.10, 49.67, 68.44, 232.4, 0.000, 0.000, 0.0, 90.0, 90.0
401.014, 65.10, 49.67, 68.44, 232.4, 0.000, 0.000, 0.0, 90.0, 90.0
401.213, 65.10, 49.67, 68.44, 232.4, 0.000, 0.000, 0.0, 90.0, 90.0
401.415, 65.10, 49.67, 68.44, 232.4, 0.000, 0.000, 0.0, 90.0, 90.0
401.613, 65.10, 49.67, 68.44, 232.4, 0.000, 0.000, 0.0, 90.0, 90.0
401.812, 65.10, 49.67, 68.44, 232.4, 0.000, 0.000, 0.0, 90.0, 90.0
402.013, 65.10, 49.67, 68.44, 232.4, 0.000, 0.000, 0.0, 90.0, 90.0
402.214, 65.10, 49.67, 68.44, 232.4, 0.000, 0.000, 0.0, 90.0, 90.0
402.414, 65.10, 49.67, 68.44, 232.4, 0.000, 0.000, 0.0, 90.0, 90.0
402.613, 65.10, 49.67, 68.44, 232.4, 0.000, 0.000, 0.0, 90.0, 90.0
402.814, 65.10, 49.67, 68.44, 232.4, 0.000, 0.000, 0.0, 90.0, 90.0
403.008, 65.10, 49.67, 68.44, 232.4, 0.000, 0.000, 0.0, 90.0, 90.0
403.214, 65.10, 49.67, 68.44, 232.4, 0.000, 0.000, 0.0, 90.0, 90.0
403.408, 65.10, 49.67, 68.44, 232.4, 0.000, 0.000, 0.0, 90.0, 90.0
403.608, 65.10, 49.67, 68.44, 232.4, 0.000, 0.000, 0.0, 90.0, 90.0
403.808, 65.10, 49.67, 68.44, 232.4, 0.000, 0.000, 0.0, 90.0, 90.0
404.008, 65.10, 49.67, 68.44, 232.4, 0.000, 0.000, 0.0, 90.0, 90.0
404.208, 65.10, 49.67, 68.44, 232.4, 0.000, 0.000, 0.0, 90.0, 90.0
404.408, 65.10, 49.67, 68.44, 232.4, 0.000, 0.000, 0.0, 90.0, 90.0
404.608, 65.10, 49.67, 68.44, 232.4, 0.000, 0.000, 0.0, 90.0, 90.0
404.808, 65.10, 49.67, 68.44, 232.4, 0.000, 0.000, 0.0, 90.0, 90.0
405.008, 65.10, 49.67, 68.44, 232.4, 0.000, 0.000, 0.0, 90.0, 90.0
405.208, 65.10, 49.67, 68.44, 232.4, 0.000, 0.000, 0.0, 90.0, 90.0
405.408, 65.10, 49.67, 68.44, 232.4, 0.000, 0.000, 0.0, 90.0, 90.0
405.608, 65.10, 49.67, 68.44, 232.4, 0.000, 0.000, 0.0, 90.0, 90.0
405.808, 65.10, 49.67, 68.44, 232.4, 0.000, 0.000, 0.0, 90.0, 90.0
406.008, 65.10, 49.67, 68.44, 232.4, 0.000, 0.000, 0.0, 90.0, 90.0
406.208, 65.10, 49.67, 68.44, 232.4, 0.000, 0.000, 0.0, 90.0, 90.0
406.408, 65.10, 49.67, 68.44, 232.4, 0.000, 0.000, 0.0, 90.0, 90.0
406.608, 65.10, 49.67, 68.44, 232.4, 0.000, 0.000, 0.0, 90.0, 90.0
406.808, 65.10, 49.67, 68.44, 232.4, 0.000, 0.000, 0.0, 90.0, 90.0
407.008, 65.10, 49.67, 68.44, 232.4, 0.000, 0.000, 0.0, 90.0, 90.0
407.208, 65.10, 49.67, 68.44, 232.4, 0.000, 0.000, 0.0, 90.0, 90.0
407.408, 65.10, 49.67, 68.44, 232.4, 0.000, 0.000, 0.0, 90.0, 90.0
407.608, 65.10, 49.67, 68.44, 232.4, 0.000, 0.000, 0.0, 90.0, 90.0
407.808, 65.10, 49.67, 68.44, 232.4, 0.000, 0.000, 0.0, 90.0, 90.0
408.008, 65.10, 49.67, 68.44, 232.4, 0.000, 0.000, 0.0, 90.0, 90.0
408.208, 65.10, 49.67, 68.44, 232.4, 0.000, 0.000, 0.0, 90.0, 90.0
408.408, 65.10, 49.67, 68.44, 232.4, 0.000, 0.000, 0.0, 90.0, 90.0
408.608, 65.10, 49.67, 68.44, 232.4, 0.000, 0.000, 0.0, 90.0, 90.0
408.810, 65.10, 49.67, 68.44, 232.4, 0.000, 0.000, 0.0, 90.0, 90.0
409.011, 65.10, 49.67, 68.44, 232.4, 0.000, 0.000, 0.0, 90.0, 90.0
409.209, 65.10, 49.67, 68.44, 232.4, 0.000, 0.000, 0.0, 90.0, 90.0
409.410, 65.10, 49.67, 68.44, 232.4, 0.000, 0.000, 0.0, 90.0, 90.0
409.611, 65.10, 49.67, 68.44, 232.4, 0.000, 0.000, 0.0, 90.0, 90.0
409.810, 65.10, 49.67, 68.44, 232.4, 0.000, 0.000, 0.0, 90.0, 90.0
410.012, 65.10, 49.67, 68.44, 232.4, 0.000, 0.000, 0.0, 90.0, 90.0
410.213, 65.10, 49.67, 68.44, 232.4, 0.000, 0.000, 0.0, 90.0, 90.0
410.411, 65.10, 49.67, 68.44, 232.4, 0.000, 0.000, 0.0, 90.0, 90.0
410.611, 65.10, 49.67, 68.44, 232.4, 0.000, 0.000, 0.0, 90.0, 90.0
410.813, 65.10, 49.67, 68.44, 232.4, 0.000, 0.000, 0.0, 90.0, 90.0
411.013, 65.10, 49.67, 68.44, 232.4, 0.000, 0.000, 0.0, 90.0, 90.0
411.213, 65.10, 49.67, 68.44, 232.4, 0.000, 0.000, 0.0, 90.0, 90.0
411.408, 65.10, 49.67, 68.44, 232.4, 0.000, 0.000, 0.0, 90.0, 90.0
411.611, 65.10, 49.67, 68.44, 232.4, 0.000, 0.000, 0.0, 90.0, 90.0
411.811, 65.10, 49.67, 68.44, 232.4, 0.000, 0.000, 0.0, 90.0, 90.0
412.011, 65.10, 49.67, 68.44, 232.4, 0.000, 0.000, 0.0, 90.0, 90.0
412.208, 65.10, 49.67, 68.44, 232.4, 0.000, 0.000, 0.0, 90.0, 90.0
412.412, 65.10, 49.67, 68.44, 232.4, 0.000, 0.000, 0.0, 90.0, 90.0
412.612, 65.10, 49.67, 68.44, 232.4, 0.000, 0.000, 0.0, 90.0, 90.0
412.813, 65.10, 49.67, 68.44, 232.4, 0.000, 0.000, 0.0, 90.0, 90.0
413.012, 65.10, 49.67, 68.44, 232.4, 0.000, 0.000, 0.0, 90.0, 90.0
413.212, 65.10, 49.67, 68.44, 232.4, 0.000, 0.000, 0.0, 90.0, 90.0
413.408, 65.10, 49.67, 68.44, 232.4, 0.000, 0.000, 0.0, 90.0, 90.0
413.608, 65.10, 49.67, 68.44, 232.4, 0.000, 0.000, 0.0, 90.0, 90.0
413.808, 65.10, 49.67, 68.44, 232.4, 0.000, 0.000, 0.0, 90.0, 90.0
414.008, 65.10, 49.67, 68.44, 232.4, 0.000, 0.000, 0.0, 90.0, 90.0
414.208, 65.10, 49.67, 68.44, 232.4, 0.000, 0.000, 0.0, 90.0, 90.0
414.408, 65.10, 49.67, 68.44, 232.4, 0.000, 0.000, 0.0, 90.0, 90.0
414.610, 65.10, 49.67, 68.44, 232.4, 0.000, 0.000, 0.0, 90.0, 90.0
414.811, 65.10, 49.67, 68.44, 232.4, 0.000, 0.000, 0.0, 90.0, 90.0
415.008, 65.10, 49.67, 68.44, 232.4, 0.000, 0.000, 0.0, 90.0, 90.0
415.213, 65.10, 49.67, 68.44, 232.4, 0.000, 0.000, 0.0, 90.0, 90.0
415.414, 65.10, 49.67, 68.44, 232.4, 0.000, 0.000, 0.0, 90.0, 90.0
415.615, 65.10, 49.67, 68.44, 232.4, 0.000, 0.000, 0.0, 90.0, 90.0
415.816, 65.10, 49.67, 68.44, 232.4, 0.000, 0.000, 0.0, 90.0, 90.0
416.015, 65.10, 49.67, 68.44, 232.4, 0.000, 0.000, 0.0, 90.0, 90.0
416.216, 65.10, 49.67, 68.44, 232.4, 0.000, 0.000, 0.0, 90.0, 90.0
416.408, 65.10, 49.67, 68.44, 232.4, 0.000, 0.000, 0.0, 90.0, 90.0
416.608, 65.10, 49.67, 68.44, 232.4, 0.000, 0.000, 0.0, 90.0, 90.0
416.808, 65.10, 49.67, 68.44, 232.4, 0.000, 0.000, 0.0, 90.0, 90.0
417.008, 65.10, 49.67, 68.44, 232.4, 0.000, 0.000, 0.0, 90.0, 90.0
417.208, 65.10, 49.67, 68.44, 232.4, 0.000, 0.000, 0.0, 90.0, 90.0
417.408, 65.10, 49.67, 68.44, 232.4, 0.000, 0.000, 0.0, 90.0, 90.0
417.608, 65.10, 49.67, 68.44, 232.4, 0.000, 0.000, 0.0, 90.0, 90.0
417.809, 65.10, 49.67, 68.44, 232.4, 0.000, 0.000, 0.0, 90.0, 90.0
418.010, 65.10, 49.67, 68.44, 232.4, 0.000, 0.000, 0.0, 90.0, 90.0
418.210, 65.10, 49.67, 68.44, 232.4, 0.000, 0.000, 0.0, 90.0, 90.0
418.410, 65.10, 49.67, 68.44, 232.4, 0.000, 0.000, 0.0, 90.0, 90.0
418.609, 65.10, 49.67, 68.44, 232.4, 0.000, 0.000, 0.0, 90.0, 90.0
418.809, 65.10, 49.67, 68.44, 232.4, 0.000, 0.000, 0.0, 90.0, 90.0
419.010, 65.10, 49.67, 68.44, 232.4, 0.000, 0.000, 0.0, 90.0, 90.0
419.211, 65.10, 49.67, 68.44, 232.4, 0.000, 0.000, 0.0, 90.0, 90.0
419.411, 65.10, 49.67, 68.44, 232.4, 0.000, 0.000, 0.0, 90.0, 90.0
419.612, 65.10, 49.67, 68.44, 232.4, 0.000, 0.000, 0.0, 90.0, 90.0
419.808, 65.10, 49.67, 68.44, 232.4, 0.000, 0.000, 0.0, 90.0, 90.0
420.012, 65.10, 49.67, 68.44, 232.4, 0.000, 0.000, 0.0, 90.0, 90.0
420.210, 65.10, 49.67, 68.44, 232.4, 0.000, 0.000, 0.0, 90.0, 90.0
420.409, 65.10, 49.67, 68.44, 232.4, 0.000, 0.000, 0.0, 90.0, 90.0
420.611, 65.10, 49.67, 68.44, 232.4, 0.000, 0.000, 0.0, 90.0, 90.0
420.810, 65.10, 49.67, 68.44, 232.4, 0.000, 0.000, 0.0, 90.0, 90.0
421.011, 65.10, 49.67, 68.44, 232.4, 0.000, 0.000, 0.0, 90.0, 90.0
421.211, 65.10, 49.67, 68.44, 232.4, 0.000, 0.000, 0.0, 90.0, 90.0
421.411, 65.10, 49.67, 68.44, 232.4, 0.000, 0.000, 0.0, 90.0, 90.0
421.612, 65.10, 49.67, 68.44, 232.4, 0.000, 0.000, 0.0, 90.0, 90.0
421.810, 65.10, 49.67, 68.44, 232.4, 0.000, 0.000, 0.0, 90.0, 90.0
422.012, 65.10, 49.67, 68.44, 232.4, 0.000, 0.000, 0.0, 90.0, 90.0
422.211, 65.10, 49.67, 68.44, 232.4, 0.000, 0.000, 0.0, 90.0, 90.0
422.410, 65.10, 49.67, 68.44, 232.4, 0.000, 0.000, 0.0, 90.0, 90.0
422.609, 65.10, 49.67, 68.44, 232.4, 0.000, 0.000, 0.0, 90.0, 90.0
422.814, 65.10, 49.67, 68.44, 232.4, 0.000, 0.000, 0.0, 90.0, 90.0
423.011, 65.10, 49.67, 68.44, 232.4, 0.000, 0.000, 0.0, 90.0, 90.0
423.208, 65.10, 49.67, 68.44, 232.4, 0.000, 0.000, 0.0, 90.0, 90.0
423.408, 65.10, 49.67, 68.44, 232.4, 0.000, 0.000, 0.0, 90.0, 90.0
423.608, 65.10, 49.67, 68.44, 232.4, 0.000, 0.000, 0.0, 90.0, 90.0
423.812, 65.10, 49.67, 68.44, 232.4, 0.000, 0.000, 0.0, 90.0, 90.0
424.009, 65.10, 49.67, 68.44, 232.4, 0.000, 0.000, 0.0, 90.0, 90.0
424.209, 65.10, 49.67, 68.44, 232.4, 0.000, 0.000, 0.0, 90.0, 90.0
424.409, 65.10, 49.67, 68.44, 232.4, 0.000, 0.000, 0.0, 90.0, 90.0
424.608, 65.10, 49.67, 68.44, 232.4, 0.000, 0.000, 0.0, 90.0, 90.0
424.811, 65.10, 49.67, 68.44, 232.4, 0.000, 0.000, 0.0, 90.0, 90.0
425.010, 65.10, 49.67, 68.44, 232.4, 0.000, 0.000, 0.0, 90.0, 90.0
425.209, 65.10, 49.67, 68.44, 232.4, 0.000, 0.000, 0.0, 90.0, 90.0
425.413, 65.10, 49.67, 68.44, 232.4, 0.000, 0.000, 0.0, 90.0, 90.0
425.610, 65.10, 49.67, 68.44, 232.4, 0.000, 0.000, 0.0, 90.0, 90.0
425.811, 65.10, 49.67, 68.44, 232.4, 0.000, 0.000, 0.0, 90.0, 90.0
426.012, 65.10, 49.67, 68.44, 232.4, 0.000, 0.000, 0.0, 90.0, 90.0
426.213, 65.10, 49.67, 68.44, 232.4, 0.000, 0.000, 0.0, 90.0, 90.0
426.413, 65.10, 49.67, 68.44, 232.4, 0.000, 0.000, 0.0, 90.0, 90.0
426.613, 65.10, 49.67, 68.44, 232.4, 0.000, 0.000, 0.0, 90.0, 90.0
426.813, 65.10, 49.67, 68.44, 232.4, 0.000, 0.000, 0.0, 90.0, 90.0
427.013, 65.10, 49.67, 68.44, 232.4, 0.000, 0.000, 0.0, 90.0, 90.0
427.212, 65.10, 49.67, 68.44, 232.4, 0.000, 0.000, 0.0, 90.0, 90.0
427.414, 65.10, 49.67, 68.44, 232.4, 0.000, 0.000, 0.0, 90.0, 90.0
427.612, 65.10, 49.67, 68.44, 232.4, 0.000, 0.000, 0.0, 90.0, 90.0
427.812, 65.10, 49.67, 68.44, 232.4, 0.000, 0.000, 0.0, 90.0, 90.0
428.013, 65.10, 49.67, 68.44, 232.4, 0.000, 0.000, 0.0, 90.0, 90.0
428.214, 65.10, 49.67, 68.44, 232.4, 0.000, 0.000, 0.0, 90.0, 90.0
428.412, 65.10, 49.67, 68.44, 232.4, 0.000, 0.000, 0.0, 90.0, 90.0
428.613, 65.10, 49.67, 68.44, 232.4, 0.000, 0.000, 0.0, 90.0, 90.0
428.812, 65.10, 49.67, 68.44, 232.4, 0.000, 0.000, 0.0, 90.0, 90.0
429.014, 65.10, 49.67, 68.44, 232.4, 0.000, 0.000, 0.0, 90.0, 90.0
429.214, 65.10, 49.67, 68.44, 232.4, 0.000, 0.000, 0.0, 90.0, 90.0
429.408, 65.10, 49.67, 68.44, 232.4, 0.000, 0.000, 0.0, 90.0, 90.0
429.610, 65.10, 49.67, 68.44, 232.4, 0.000, 0.000, 0.0, 90.0, 90.0
429.811, 65.10, 49.67, 68.44, 232.4, 0.000, 0.000, 0.0, 90.0, 90.0
430.008, 65.10, 49.67, 68.44, 232.4, 0.000, 0.000, 0.0, 90.0, 90.0
430.208, 65.10, 49.67, 68.44, 232.4, 0.000, 0.000, 0.0, 90.0, 90.0
430.408, 65.10, 49.67, 68.44, 232.4, 0.000, 0.000, 0.0, 90.0, 90.0
430.608, 65.10, 49.67, 68.44, 232.4, 0.000, 0.000, 0.0, 90.0, 90.0
430.808, 65.10, 49.67, 68.44, 232.4, 0.000, 0.000, 0.0, 90.0, 90.0
431.008, 65.10, 49.67, 68.44, 232.4, 0.000, 0.000, 0.0, 90.0, 90.0
431.208, 65.10, 49.67, 68.44, 232.4, 0.000, 0.000, 0.0, 90.0, 90.0
431.408, 65.10, 49.67, 68.44, 232.4, 0.000, 0.000, 0.0, 90.0, 90.0
431.611, 65.10, 49.67, 68.44, 232.4, 0.000, 0.000, 0.0, 90.0, 90.0
431.818, 65.10, 49.67, 68.44, 232.4, 0.000, 0.000, 0.0, 90.0, 90.0
432.008, 65.10, 49.67, 68.44, 232.4, 0.000, 0.000, 0.0, 90.0, 90.0
432.208, 65.10, 49.67, 68.44, 232.4, 0.000, 0.000, 0.0, 90.0, 90.0
432.425, 65.10, 49.67, 68.44, 232.4, 0.000, 0.000, 0.0, 90.0, 90.0
432.610, 65.10, 49.67, 68.44, 232.4, 0.000, 0.000, 0.0, 90.0, 90.0
432.809, 65.10, 49.67, 68.44, 232.4, 0.000, 0.000, 0.0, 90.0, 90.0
433.009, 65.10, 49.67, 68.44, 232.4, 0.000, 0.000, 0.0, 90.0, 90.0
433.208, 65.10, 49.67, 68.44, 232.4, 0.000, 0.000, 0.0, 90.0, 90.0
433.408, 65.10, 49.67, 68.44, 232.4, 0.000, 0.000, 0.0, 90.0, 90.0
433.610, 65.10, 49.67, 68.44, 232.4, 0.000, 0.000, 0.0, 90.0, 90.0
433.818, 65.10, 49.67, 68.44, 232.4, 0.000, 0.000, 0.0, 90.0, 90.0
434.008, 65.10, 49.67, 68.44, 232.4, 0.000, 0.000, 0.0, 90.0, 90.0
434.211, 65.10, 49.67, 68.44, 232.4, 0.000, 0.000, 0.0, 90.0, 90.0
434.410, 65.10, 49.67, 68.44, 232.4, 0.000, 0.000, 0.0, 90.0, 90.0
434.608, 65.10, 49.67, 68.44, 232.4, 0.000, 0.000, 0.0, 90.0, 90.0
434.810, 65.10, 49.67, 68.44, 232.4, 0.000, 0.000, 0.0, 90.0, 90.0
435.008, 65.10, 49.67, 68.44, 232.4, 0.000, 0.000, 0.0, 90.0, 90.0
435.208, 65.10, 49.67, 68.44, 232.4, 0.000, 0.000, 0.0, 90.0, 90.0
435.409, 65.10, 49.67, 68.44, 232.4, 0.000, 0.000, 0.0, 90.0, 90.0
435.608, 65.10, 49.67, 68.44, 232.4, 0.000, 0.000, 0.0, 90.0, 90.0
435.808, 65.10, 49.67, 68.44, 232.4, 0.000, 0.000, 0.0, 90.0, 90.0
436.008, 65.10, 49.67, 68.44, 232.4, 0.000, 0.000, 0.0, 90.0, 90.0
436.209, 65.10, 49.67, 68.44, 232.4, 0.000, 0.000, 0.0, 90.0, 90.0
436.408, 65.10, 49.67, 68.44, 232.4, 0.000, 0.000, 0.0, 90.0, 90.0
436.608, 65.10, 49.67, 68.44, 232.4, 0.000, 0.000, 0.0, 90.0, 90.0
436.810, 65.10, 49.67, 68.44, 232.4, 0.000, 0.000, 0.0, 90.0, 90.0
437.010, 65.10, 49.67, 68.44, 232.4, 0.000, 0.000, 0.0, 90.0, 90.0
437.208, 65.10, 49.67, 68.44, 232.4, 0.000, 0.000, 0.0, 90.0, 90.0
437.409, 65.10, 49.67, 68.44, 232.4, 0.000, 0.000, 0.0, 90.0, 90.0
437.610, 65.10, 49.67, 68.44, 232.4, 0.000, 0.000, 0.0, 90.0, 90.0
437.811, 65.10, 49.67, 68.44, 232.4, 0.000, 0.000, 0.0, 90.0, 90.0
438.009, 65.10, 49.67, 68.44, 232.4, 0.000, 0.000, 0.0, 90.0, 90.0
438.211, 65.10, 49.67, 68.44, 232.4, 0.000, 0.000, 0.0, 90.0, 90.0
438.414, 65.10, 49.67, 68.44, 232.4, 0.000, 0.000, 0.0, 90.0, 90.0
438.611, 65.10, 49.67, 68.44, 232.4, 0.000, 0.000, 0.0, 90.0, 90.0
438.809, 65.10, 49.67, 68.44, 232.4, 0.000, 0.000, 0.0, 90.0, 90.0
439.009, 65.10, 49.67, 68.44, 232.4, 0.000, 0.000, 0.0, 90.0, 90.0
439.209, 65.10, 49.67, 68.44, 232.4, 0.000, 0.000, 0.0, 90.0, 90.0
439.410, 65.10, 49.67, 68.44, 232.4, 0.000, 0.000, 0.0, 90.0, 90.0
439.609, 65.10, 49.67, 68.44, 232.4, 0.000, 0.000, 0.0, 90.0, 90.0
439.810, 65.10, 49.67, 68.44, 232.4, 0.000, 0.000, 0.0, 90.0, 90.0
440.010, 65.10, 49.67, 68.44, 232.4, 0.000, 0.000, 0.0, 90.0, 90.0
440.209, 65.10, 49.67, 68.44, 232.4, 0.000, 0.000, 0.0, 90.0, 90.0
440.413, 65.10, 49.67, 68.44, 232.4, 0.000, 0.000, 0.0, 90.0, 90.0
440.613, 65.10, 49.67, 68.44, 232.4, 0.000, 0.000, 0.0, 90.0, 90.0
440.812, 65.10, 49.67, 68.44, 232.4, 0.000, 0.000, 0.0, 90.0, 90.0
441.013, 65.10, 49.67, 68.44, 232.4, 0.000, 0.000, 0.0, 90.0, 90.0
441.213, 65.10, 49.67, 68.44, 232.4, 0.000, 0.000, 0.0, 90.0, 90.0
441.412, 65.10, 49.67, 68.44, 232.4, 0.000, 0.000, 0.0, 90.0, 90.0
441.611, 65.10, 49.67, 68.44, 232.4, 0.000, 0.000, 0.0, 90.0, 90.0
441.830, 65.10, 49.67, 68.44, 232.4, 0.000, 0.000, 0.0, 90.0, 90.0
442.012, 65.10, 49.67, 68.44, 232.4, 0.000, 0.000, 0.0, 90.0, 90.0
442.208, 65.10, 49.67, 68.44, 232.4, 0.000, 0.000, 0.0, 90.0, 90.0
442.413, 65.10, 49.67, 68.44, 232.4, 0.000, 0.000, 0.0, 90.0, 90.0
442.608, 65.10, 49.67, 68.44, 232.4, 0.000, 0.000, 0.0, 90.0, 90.0
442.815, 65.10, 49.67, 68.44, 232.4, 0.000, 0.000, 0.0, 90.0, 90.0
443.008, 65.10, 49.67, 68.44, 232.4, 0.000, 0.000, 0.0, 90.0, 90.0
443.208, 65.10, 49.67, 68.44, 232.4, 0.000, 0.000, 0.0, 90.0, 90.0
443.408, 65.10, 49.67, 68.44, 232.4, 0.000, 0.000, 0.0, 90.0, 90.0
443.608, 65.10, 49.67, 68.44, 232.4, 0.000, 0.000, 0.0, 90.0, 90.0
443.808, 65.10, 49.67, 68.44, 232.4, 0.000, 0.000, 0.0, 90.0, 90.0
444.008, 65.10, 49.67, 68.44, 232.4, 0.000, 0.000, 0.0, 90.0, 90.0
444.209, 65.10, 49.67, 68.44, 232.4, 0.000, 0.000, 0.0, 90.0, 90.0
444.409, 65.10, 49.67, 68.44, 232.4, 0.000, 0.000, 0.0, 90.0, 90.0
444.610, 65.10, 49.67, 68.44, 232.4, 0.000, 0.000, 0.0, 90.0, 90.0
444.811, 65.10, 49.67, 68.44, 232.4, 0.000, 0.000, 0.0, 90.0, 90.0
445.008, 65.10, 49.67, 68.44, 232.4, 0.000, 0.000, 0.0, 90.0, 90.0
445.209, 65.10, 49.67, 68.44, 232.4, 0.000, 0.000, 0.0, 90.0, 90.0
445.409, 65.10, 49.67, 68.44, 232.4, 0.000, 0.000, 0.0, 90.0, 90.0
445.610, 65.10, 49.67, 68.44, 232.4, 0.000, 0.000, 0.0, 90.0, 90.0
445.808, 65.10, 49.67, 68.44, 232.4, 0.000, 0.000, 0.0, 90.0, 90.0
446.008, 65.10, 49.67, 68.44, 232.4, 0.000, 0.000, 0.0, 90.0, 90.0
446.208, 65.10, 49.67, 68.44, 232.4, 0.000, 0.000, 0.0, 90.0, 90.0
446.409, 65.10, 49.67, 68.44, 232.4, 0.000, 0.000, 0.0, 90.0, 90.0
446.610, 65.10, 49.67, 68.44, 232.4, 0.000, 0.000, 0.0, 90.0, 90.0
446.809, 65.10, 49.67, 68.44, 232.4, 0.000, 0.000, 0.0, 90.0, 90.0
447.008, 65.10, 49.67, 68.44, 232.4, 0.000, 0.000, 0.0, 90.0, 90.0
447.209, 65.10, 49.67, 68.44, 232.4, 0.000, 0.000, 0.0, 90.0, 90.0
447.409, 65.10, 49.67, 68.44, 232.4, 0.000, 0.000, 0.0, 90.0, 90.0
447.609, 65.10, 49.67, 68.44, 232.4, 0.000, 0.000, 0.0, 90.0, 90.0
447.808, 65.10, 49.67, 68.44, 232.4, 0.000, 0.000, 0.0, 90.0, 90.0
448.009, 65.10, 49.67, 68.44, 232.4, 0.000, 0.000, 0.0, 90.0, 90.0
448.209, 65.10, 49.67, 68.44, 232.4, 0.000, 0.000, 0.0, 90.0, 90.0
448.409, 65.10, 49.67, 68.44, 232.4, 0.000, 0.000, 0.0, 90.0, 90.0
448.611, 65.10, 49.67, 68.44, 232.4, 0.000, 0.000, 0.0, 90.0, 90.0
448.809, 65.10, 49.67, 68.44, 232.4, 0.000, 0.000, 0.0, 90.0, 90.0
449.012, 65.10, 49.67, 68.44, 232.4, 0.000, 0.000, 0.0, 90.0, 90.0
449.211, 65.10, 49.67, 68.44, 232.4, 0.000, 0.000, 0.0, 90.0, 90.0
449.411, 65.10, 49.67, 68.44, 232.4, 0.000, 0.000, 0.0, 90.0, 90.0
449.614, 65.10, 49.67, 68.44, 232.4, 0.000, 0.000, 0.0, 90.0, 90.0
449.812, 65.10, 49.67, 68.44, 232.4, 0.000, 0.000, 0.0, 90.0, 90.0
450.013, 65.10, 49.67, 68.44, 232.4, 0.000, 0.000, 0.0, 90.0, 90.0
450.211, 65.10, 49.67, 68.44, 232.4, 0.000, 0.000, 0.0, 90.0, 90.0
450.412, 65.10, 49.67, 68.44, 232.4, 0.000, 0.000, 0.0, 90.0, 90.0
450.613, 65.10, 49.67, 68.44, 232.4, 0.000, 0.000, 0.0, 90.0, 90.0
450.813, 65.10, 49.67, 68.44, 232.4, 0.000, 0.000, 0.0, 90.0, 90.0
451.012, 65.10, 49.67, 68.44, 232.4, 0.000, 0.000, 0.0, 90.0, 90.0
451.213, 65.10, 49.67, 68.44, 232.4, 0.000, 0.000, 0.0, 90.0, 90.0
451.413, 65.10, 49.67, 68.44, 232.4, 0.000, 0.000, 0.0, 90.0, 90.0
451.612, 65.10, 49.67, 68.44, 232.4, 0.000, 0.000, 0.0, 90.0, 90.0
451.812, 65.10, 49.67, 68.44, 232.4, 0.000, 0.000, 0.0, 90.0, 90.0
452.013, 65.10, 49.67, 68.44, 232.4, 0.000, 0.000, 0.0, 90.0, 90.0
452.212, 65.10, 49.67, 68.44, 232.4, 0.000, 0.000, 0.0, 90.0, 90.0
452.414, 65.10, 49.67, 68.44, 232.4, 0.000, 0.000, 0.0, 90.0, 90.0
452.613, 65.10, 49.67, 68.44, 232.4, 0.000, 0.000, 0.0, 90.0, 90.0
452.811, 65.10, 49.67, 68.44, 232.4, 0.000, 0.000, 0.0, 90.0, 90.0
453.018, 65.10, 49.67, 68.44, 232.4, 0.000, 0.000, 0.0, 90.0, 90.0
453.212, 65.10, 49.67, 68.44, 232.4, 0.000, 0.000, 0.0, 90.0, 90.0
453.411, 65.10, 49.67, 68.44, 232.4, 0.000, 0.000, 0.0, 90.0, 90.0
453.615, 65.10, 49.67, 68.44, 232.4, 0.000, 0.000, 0.0, 90.0, 90.0
453.810, 65.10, 49.67, 68.44, 232.4, 0.000, 0.000, 0.0, 90.0, 90.0
454.010, 65.10, 49.67, 68.44, 232.4, 0.000, 0.000, 0.0, 90.0, 90.0
454.210, 65.10, 49.67, 68.44, 232.4, 0.000, 0.000, 0.0, 90.0, 90.0
454.408, 65.10, 49.67, 68.44, 232.4, 0.000, 0.000, 0.0, 90.0, 90.0
454.609, 65.10, 49.67, 68.44, 232.4, 0.000, 0.000, 0.0, 90.0, 90.0
454.811, 65.10, 49.67, 68.44, 232.4, 0.000, 0.000, 0.0, 90.0, 90.0
455.008, 65.10, 49.67, 68.44, 232.4, 0.000, 0.000, 0.0, 90.0, 90.0
455.208, 65.10, 49.67, 68.44, 232.4, 0.000, 0.000, 0.0, 90.0, 90.0
455.409, 65.10, 49.67, 68.44, 232.4, 0.000, 0.000, 0.0, 90.0, 90.0
455.608, 65.10, 49.67, 68.44, 232.4, 0.000, 0.000, 0.0, 90.0, 90.0
455.808, 65.10, 49.67, 68.44, 232.4, 0.000, 0.000, 0.0, 90.0, 90.0
456.008, 65.10, 49.67, 68.44, 232.4, 0.000, 0.000, 0.0, 90.0, 90.0
456.208, 65.10, 49.67, 68.44, 232.4, 0.000, 0.000, 0.0, 90.0, 90.0
456.410, 65.10, 49.67, 68.44, 232.4, 0.000, 0.000, 0.0, 90.0, 90.0
456.609, 65.10, 49.67, 68.44, 232.4, 0.000, 0.000, 0.0, 90.0, 90.0
456.810, 65.10, 49.67, 68.44, 232.4, 0.000, 0.000, 0.0, 90.0, 90.0
457.009, 65.10, 49.67, 68.44, 232.4, 0.000, 0.000, 0.0, 90.0, 90.0
457.209, 65.10, 49.67, 68.44, 232.4, 0.000, 0.000, 0.0, 90.0, 90.0
457.410, 65.10, 49.67, 68.44, 232.4, 0.000, 0.000, 0.0, 90.0, 90.0
457.610, 65.10, 49.67, 68.44, 232.4, 0.000, 0.000, 0.0, 90.0, 90.0
457.810, 65.10, 49.67, 68.44, 232.4, 0.000, 0.000, 0.0, 90.0, 90.0
458.009, 65.10, 49.67, 68.44, 232.4, 0.000, 0.000, 0.0, 90.0, 90.0
458.210, 65.10, 49.67, 68.44, 232.4, 0.000, 0.000, 0.0, 90.0, 90.0
458.408, 65.10, 49.67, 68.44, 232.4, 0.000, 0.000, 0.0, 90.0, 90.0
458.608, 65.10, 49.67, 68.44, 232.4, 0.000, 0.000, 0.0, 90.0, 90.0
458.808, 65.10, 49.67, 68.44, 232.4, 0.000, 0.000, 0.0, 90.0, 90.0
459.008, 65.10, 49.67, 68.44, 232.4, 0.000, 0.000, 0.0, 90.0, 90.0
459.212, 65.10, 49.67, 68.44, 232.4, 0.000, 0.000, 0.0, 90.0, 90.0
459.410, 65.10, 49.67, 68.44, 232.4, 0.000, 0.000, 0.0, 90.0, 90.0
459.611, 65.10, 49.67, 68.44, 232.4, 0.000, 0.000, 0.0, 90.0, 90.0
459.810, 65.10, 49.67, 68.44, 232.4, 0.000, 0.000, 0.0, 90.0, 90.0
460.012, 65.10, 49.67, 68.44, 232.4, 0.000, 0.000, 0.0, 90.0, 90.0
460.211, 65.10, 49.67, 68.44, 232.4, 0.000, 0.000, 0.0, 90.0, 90.0
460.413, 65.10, 49.67, 68.44, 232.4, 0.000, 0.000, 0.0, 90.0, 90.0
460.613, 65.10, 49.67, 68.44, 232.4, 0.000, 0.000, 0.0, 90.0, 90.0
460.813, 65.10, 49.67, 68.44, 232.4, 0.000, 0.000, 0.0, 90.0, 90.0
461.013, 65.10, 49.67, 68.44, 232.4, 0.000, 0.000, 0.0, 90.0, 90.0
461.212, 65.10, 49.67, 68.44, 232.4, 0.000, 0.000, 0.0, 90.0, 90.0
461.412, 65.10, 49.67, 68.44, 232.4, 0.000, 0.000, 0.0, 90.0, 90.0
461.614, 65.10, 49.67, 68.44, 232.4, 0.000, 0.000, 0.0, 90.0, 90.0
461.813, 65.10, 49.67, 68.44, 232.4, 0.000, 0.000, 0.0, 90.0, 90.0
462.012, 65.10, 49.67, 68.44, 232.4, 0.000, 0.000, 0.0, 90.0, 90.0
462.213, 65.10, 49.67, 68.44, 232.4, 0.000, 0.000, 0.0, 90.0, 90.0
462.413, 65.10, 49.67, 68.44, 232.4, 0.000, 0.000, 0.0, 90.0, 90.0
462.615, 65.10, 49.67, 68.44, 232.4, 0.000, 0.000, 0.0, 90.0, 90.0
462.813, 65.10, 49.67, 68.44, 232.4, 0.000, 0.000, 0.0, 90.0, 90.0
463.014, 65.10, 49.67, 68.44, 232.4, 0.000, 0.000, 0.0, 90.0, 90.0
463.213, 65.10, 49.67, 68.44, 232.4, 0.000, 0.000, 0.0, 90.0, 90.0
463.412, 65.10, 49.67, 68.44, 232.4, 0.000, 0.000, 0.0, 90.0, 90.0
463.614, 65.10, 49.67, 68.44, 232.4, 0.000, 0.000, 0.0, 90.0, 90.0
463.812, 65.10, 49.67, 68.44, 232.4, 0.000, 0.000, 0.0, 90.0, 90.0
464.014, 65.10, 49.67, 68.44, 232.4, 0.000, 0.000, 0.0, 90.0, 90.0
464.213, 65.10, 49.67, 68.44, 232.4, 0.000, 0.000, 0.0, 90.0, 90.0
464.411, 65.10, 49.67, 68.44, 232.4, 0.000, 0.000, 0.0, 90.0, 90.0
464.612, 65.10, 49.67, 68.44, 232.4, 0.000, 0.000, 0.0, 90.0, 90.0
464.813, 65.10, 49.67, 68.44, 232.4, 0.000, 0.000, 0.0, 90.0, 90.0
465.013, 65.10, 49.67, 68.44, 232.4, 0.000, 0.000, 0.0, 90.0, 90.0
465.212, 65.10, 49.67, 68.44, 232.4, 0.000, 0.000, 0.0, 90.0, 90.0
465.422, 65.10, 49.67, 68.44, 232.4, 0.000, 0.000, 0.0, 90.0, 90.0
465.608, 65.10, 49.67, 68.44, 232.4, 0.000, 0.000, 0.0, 90.0, 90.0
465.813, 65.10, 49.67, 68.44, 232.4, 0.000, 0.000, 0.0, 90.0, 90.0
466.015, 65.10, 49.67, 68.44, 232.4, 0.000, 0.000, 0.0, 90.0, 90.0
466.213, 65.10, 49.67, 68.44, 232.4, 0.000, 0.000, 0.0, 90.0, 90.0
466.413, 65.10, 49.67, 68.44, 232.4, 0.000, 0.000, 0.0, 90.0, 90.0
466.608, 65.10, 49.67, 68.44, 232.4, 0.000, 0.000, 0.0, 90.0, 90.0
466.809, 65.10, 49.67, 68.44, 232.4, 0.000, 0.000, 0.0, 90.0, 90.0
467.016, 65.10, 49.67, 68.44, 232.4, 0.000, 0.000, 0.0, 90.0, 90.0
467.215, 65.10, 49.67, 68.44, 232.4, 0.000, 0.000, 0.0, 90.0, 90.0
467.416, 65.10, 49.67, 68.44, 232.4, 0.000, 0.000, 0.0, 90.0, 90.0
467.608, 65.10, 49.67, 68.44, 232.4, 0.000, 0.000, 0.0, 90.0, 90.0
467.808, 65.10, 49.67, 68.44, 232.4, 0.000, 0.000, 0.0, 90.0, 90.0
468.008, 65.10, 49.67, 68.44, 232.4, 0.000, 0.000, 0.0, 90.0, 90.0
468.208, 65.10, 49.67, 68.44, 232.4, 0.000, 0.000, 0.0, 90.0, 90.0
468.408, 65.10, 49.67, 68.44, 232.4, 0.000, 0.000, 0.0, 90.0, 90.0
468.609, 65.10, 49.67, 68.44, 232.4, 0.000, 0.000, 0.0, 90.0, 90.0
468.809, 65.10, 49.67, 68.44, 232.4, 0.000, 0.000, 0.0, 90.0, 90.0
469.009, 65.10, 49.67, 68.44, 232.4, 0.000, 0.000, 0.0, 90.0, 90.0
469.208, 65.10, 49.67, 68.44, 232.4, 0.000, 0.000, 0.0, 90.0, 90.0
469.408, 65.10, 49.67, 68.44, 232.4, 0.000, 0.000, 0.0, 90.0, 90.0
469.615, 65.10, 49.67, 68.44, 232.4, 0.000, 0.000, 0.0, 90.0, 90.0
469.808, 65.10, 49.67, 68.44, 232.4, 0.000, 0.000, 0.0, 90.0, 90.0
470.008, 65.10, 49.67, 68.44, 232.4, 0.000, 0.000, 0.0, 90.0, 90.0
470.208, 65.10, 49.67, 68.44, 232.4, 0.000, 0.000, 0.0, 90.0, 90.0
470.408, 65.10, 49.67, 68.44, 232.4, 0.000, 0.000, 0.0, 90.0, 90.0
470.610, 65.10, 49.67, 68.44, 232.4, 0.000, 0.000, 0.0, 90.0, 90.0
470.808, 65.10, 49.67, 68.44, 232.4, 0.000, 0.000, 0.0, 90.0, 90.0
471.015, 65.10, 49.67, 68.44, 232.4, 0.000, 0.000, 0.0, 90.0, 90.0
471.216, 65.10, 49.67, 68.44, 232.4, 0.000, 0.000, 0.0, 90.0, 90.0
471.408, 65.10, 49.67, 68.44, 232.4, 0.000, 0.000, 0.0, 90.0, 90.0
471.617, 65.10, 49.67, 68.44, 232.4, 0.000, 0.000, 0.0, 90.0, 90.0
471.808, 65.10, 49.67, 68.44, 232.4, 0.000, 0.000, 0.0, 90.0, 90.0
472.014, 65.10, 49.67, 68.44, 232.4, 0.000, 0.000, 0.0, 90.0, 90.0
472.213, 65.10, 49.67, 68.44, 232.4, 0.000, 0.000, 0.0, 90.0, 90.0
472.408, 65.10, 49.67, 68.44, 232.4, 0.000, 0.000, 0.0, 90.0, 90.0
472.608, 65.10, 49.67, 68.44, 232.4, 0.000, 0.000, 0.0, 90.0, 90.0
472.808, 65.10, 49.67, 68.44, 232.4, 0.000, 0.000, 0.0, 90.0, 90.0
473.008, 65.10, 49.67, 68.44, 232.4, 0.000, 0.000, 0.0, 90.0, 90.0
473.208, 65.10, 49.67, 68.44, 232.4, 0.000, 0.000, 0.0, 90.0, 90.0
473.408, 65.10, 49.67, 68.44, 232.4, 0.000, 0.000, 0.0, 90.0, 90.0
473.608, 65.10, 49.67, 68.44, 232.4, 0.000, 0.000, 0.0, 90.0, 90.0
473.808, 65.10, 49.67, 68.44, 232.4, 0.000, 0.000, 0.0, 90.0, 90.0
474.008, 65.10, 49.67, 68.44, 232.4, 0.000, 0.000, 0.0, 90.0, 90.0
474.208, 65.10, 49.67, 68.44, 232.4, 0.000, 0.000, 0.0, 90.0, 90.0
474.408, 65.10, 49.67, 68.44, 232.4, 0.000, 0.000, 0.0, 90.0, 90.0
474.608, 65.10, 49.67, 68.44, 232.4, 0.000, 0.000, 0.0, 90.0, 90.0
474.808, 65.10, 49.67, 68.44, 232.4, 0.000, 0.000, 0.0, 90.0, 90.0
475.009, 65.10, 49.67, 68.44, 232.4, 0.000, 0.000, 0.0, 90.0, 90.0
475.208, 65.10, 49.67, 68.44, 232.4, 0.000, 0.000, 0.0, 90.0, 90.0
475.409, 65.10, 49.67, 68.44, 232.4, 0.000, 0.000, 0.0, 90.0, 90.0
475.609, 65.10, 49.67, 68.44, 232.4, 0.000, 0.000, 0.0, 90.0, 90.0
475.810, 65.10, 49.67, 68.44, 232.4, 0.000, 0.000, 0.0, 90.0, 90.0
476.008, 65.10, 49.67, 68.44, 232.4, 0.000, 0.000, 0.0, 90.0, 90.0
476.209, 65.10, 49.67, 68.44, 232.4, 0.000, 0.000, 0.0, 90.0, 90.0
476.409, 65.10, 49.67, 68.44, 232.4, 0.000, 0.000, 0.0, 90.0, 90.0
476.609, 65.10, 49.67, 68.44, 232.4, 0.000, 0.000, 0.0, 90.0, 90.0
476.810, 65.10, 49.67, 68.44, 232.4, 0.000, 0.000, 0.0, 90.0, 90.0
477.009, 65.10, 49.67, 68.44, 232.4, 0.000, 0.000, 0.0, 90.0, 90.0
477.210, 65.10, 49.67, 68.44, 232.4, 0.000, 0.000, 0.0, 90.0, 90.0
477.410, 65.10, 49.67, 68.44, 232.4, 0.000, 0.000, 0.0, 90.0, 90.0
477.610, 65.10, 49.67, 68.44, 232.4, 0.000, 0.000, 0.0, 90.0, 90.0
477.810, 65.10, 49.67, 68.44, 232.4, 0.000, 0.000, 0.0, 90.0, 90.0
478.009, 65.10, 49.67, 68.44, 232.4, 0.000, 0.000, 0.0, 90.0, 90.0
478.209, 65.10, 49.67, 68.44, 232.4, 0.000, 0.000, 0.0, 90.0, 90.0
478.408, 65.10, 49.67, 68.44, 232.4, 0.000, 0.000, 0.0, 90.0, 90.0
478.608, 65.10, 49.67, 68.44, 232.4, 0.000, 0.000, 0.0, 90.0, 90.0
478.809, 65.10, 49.67, 68.44, 232.4, 0.000, 0.000, 0.0, 90.0, 90.0
479.008, 65.10, 49.67, 68.44, 232.4, 0.000, 0.000, 0.0, 90.0, 90.0
479.208, 65.10, 49.67, 68.44, 232.4, 0.000, 0.000, 0.0, 90.0, 90.0
479.410, 65.10, 49.67, 68.44, 232.4, 0.000, 0.000, 0.0, 90.0, 90.0
479.618, 65.10, 49.67, 68.44, 232.4, 0.000, 0.000, 0.0, 90.0, 90.0
479.808, 65.10, 49.67, 68.44, 232.4, 0.000, 0.000, 0.0, 90.0, 90.0
480.009, 65.10, 49.67, 68.44, 232.4, 0.000, 0.000, 0.0, 90.0, 90.0
480.209, 65.10, 49.67, 68.44, 232.4, 0.000, 0.000, 0.0, 90.0, 90.0
480.409, 65.10, 49.67, 68.44, 232.4, 0.000, 0.000, 0.0, 90.0, 90.0
480.610, 65.10, 49.67, 68.44, 232.4, 0.000, 0.000, 0.0, 90.0, 90.0
480.810, 65.10, 49.67, 68.44, 232.4, 0.000, 0.000, 0.0, 90.0, 90.0
481.008, 65.10, 49.67, 68.44, 232.4, 0.000, 0.000, 0.0, 90.0, 90.0
481.214, 65.10, 49.67, 68.44, 232.4, 0.000, 0.000, 0.0, 90.0, 90.0
481.409, 65.10, 49.67, 68.44, 232.4, 0.000, 0.000, 0.0, 90.0, 90.0
481.608, 65.10, 49.67, 68.44, 232.4, 0.000, 0.000, 0.0, 90.0, 90.0
481.842, 65.10, 49.67, 68.44, 232.4, 0.000, 0.000, 0.0, 90.0, 90.0
482.172, 65.10, 49.67, 68.44, 232.4, 0.000, 0.000, 0.0, 90.0, 90.0
482.208, 65.10, 49.67, 68.44, 232.4, 0.000, 0.000, 0.0, 90.0, 90.0

# Stopped: 2026-03-15 17:17:49
# Duration: 393.5 seconds
